CustomerID,Age,Gender,CreditLimit,Balance,MinPaymentDue,PaymentStatus,TotalTransactions,CreditUtilizationRate,Defaulted
C0001,56,Male,22044,12298,4235,On-time,50,0.56,0
C0002,69,Female,22732,2011,383,On-time,90,0.09,0
C0003,46,Female,18615,3373,248,On-time,23,0.18,0
C0004,32,Male,17132,10335,4683,Missed,80,0.6,1
C0005,60,Female,15178,7357,3242,On-time,95,0.48,0
C0006,25,Female,12851,10692,350,On-time,60,0.83,0
C0007,38,Female,21288,14527,773,On-time,74,0.68,0
C0008,56,Male,12156,1289,624,On-time,61,0.11,0
C0009,36,Female,7044,1447,485,On-time,39,0.21,0
C0010,40,Female,12368,3199,117,Late,66,0.26,0
C0011,28,Male,24900,22765,2556,On-time,88,0.91,1
C0012,28,Male,18635,14139,1587,Missed,91,0.76,1
C0013,41,Female,14168,13757,447,On-time,39,0.97,1
C0014,53,Female,25961,5462,669,On-time,51,0.21,0
C0015,57,Male,22111,19600,5730,On-time,20,0.89,0
C0016,41,Male,16328,3136,1213,On-time,36,0.19,0
C0017,20,Female,18319,7657,779,On-time,33,0.42,0
C0018,39,Female,28852,4920,605,Late,48,0.17,0
C0019,19,Female,5342,2153,830,Late,81,0.4,0
C0020,41,Female,6447,6324,1801,On-time,27,0.98,1
C0021,61,Male,11581,6327,2991,Missed,86,0.55,1
C0022,47,Female,16851,8417,2707,On-time,54,0.5,0
C0023,55,Female,11317,776,285,Late,97,0.07,0
C0024,19,Male,21910,5208,2379,On-time,96,0.24,0
C0025,38,Female,15088,687,198,On-time,21,0.05,0
C0026,50,Male,17946,16913,7117,Late,58,0.94,1
C0027,29,Female,28132,28018,5141,On-time,40,1.0,1
C0028,39,Female,21789,21451,10201,On-time,31,0.98,1
C0029,61,Male,19567,13223,1651,On-time,53,0.68,0
C0030,42,Male,19868,8080,2843,On-time,73,0.41,0
C0031,66,Female,29370,21902,1530,Late,86,0.75,1
C0032,44,Female,14765,2153,136,On-time,34,0.15,0
C0033,59,Female,25124,9486,1152,Missed,60,0.38,1
C0034,45,Male,17466,6094,2888,On-time,16,0.35,0
C0035,33,Female,23230,21158,6497,On-time,15,0.91,1
C0036,32,Male,22862,7692,1453,Late,33,0.34,0
C0037,64,Male,15587,11088,1349,On-time,28,0.71,0
C0038,68,Female,5771,3103,607,Missed,92,0.54,1
C0039,61,Male,26909,2440,948,On-time,18,0.09,0
C0040,69,Female,21300,20519,7539,On-time,45,0.96,1
C0041,20,Female,13770,11994,1585,On-time,49,0.87,0
C0042,54,Female,16093,7124,127,On-time,33,0.44,0
C0043,68,Female,18803,17228,2881,On-time,57,0.92,1
C0044,24,Female,5193,446,132,Late,72,0.09,0
C0045,38,Male,7007,3915,723,On-time,78,0.56,0
C0046,26,Male,22569,15787,3677,On-time,62,0.7,0
C0047,56,Female,23778,19493,1582,On-time,63,0.82,0
C0048,35,Female,16190,1234,287,On-time,51,0.08,0
C0049,21,Male,14984,6587,1207,On-time,54,0.44,0
C0050,42,Male,14302,13638,2046,Late,99,0.95,1
C0051,31,Male,25389,226,85,Late,23,0.01,0
C0052,67,Male,12429,4143,327,Late,38,0.33,0
C0053,26,Female,7261,7185,3139,Late,15,0.99,1
C0054,43,Female,25120,11151,573,On-time,16,0.44,0
C0055,19,Male,11716,5558,229,Late,46,0.47,0
C0056,37,Female,26259,11971,4268,On-time,62,0.46,0
C0057,45,Male,13921,186,79,On-time,27,0.01,0
C0058,64,Female,9378,2535,1124,On-time,96,0.27,0
C0059,24,Male,12815,1932,120,On-time,47,0.15,0
C0060,61,Female,18778,2032,529,Late,68,0.11,0
C0061,25,Male,24835,1252,609,On-time,10,0.05,0
C0062,64,Male,29000,5509,1847,Late,77,0.19,0
C0063,52,Female,17728,5074,2181,On-time,53,0.29,0
C0064,31,Male,15332,13900,6758,On-time,56,0.91,1
C0065,34,Female,14836,13304,6550,Late,44,0.9,1
C0066,53,Female,7800,6331,865,On-time,96,0.81,0
C0067,67,Male,13333,1881,696,On-time,69,0.14,0
C0068,57,Female,10410,269,108,On-time,99,0.03,0
C0069,21,Female,22839,1630,118,On-time,61,0.07,0
C0070,19,Female,28276,20789,6716,On-time,17,0.74,0
C0071,23,Female,10808,6139,192,On-time,89,0.57,0
C0072,59,Female,11796,1574,241,Missed,50,0.13,1
C0073,21,Male,26180,13383,1460,Late,12,0.51,0
C0074,46,Female,26477,16152,4523,Late,78,0.61,0
C0075,35,Female,15288,11084,584,Late,93,0.73,1
C0076,43,Female,22709,1695,742,On-time,23,0.07,0
C0077,61,Female,26360,19642,3414,On-time,35,0.75,0
C0078,51,Female,22543,14821,1082,On-time,79,0.66,0
C0079,27,Male,9650,3262,1344,On-time,67,0.34,0
C0080,53,Female,9987,1445,436,Missed,49,0.14,1
C0081,31,Male,20200,16436,6286,On-time,60,0.81,0
C0082,48,Male,9697,5570,2039,On-time,14,0.57,0
C0083,65,Male,21724,18050,4550,On-time,86,0.83,0
C0084,32,Male,8828,6901,2937,On-time,41,0.78,0
C0085,25,Female,23352,19169,1222,On-time,89,0.82,0
C0086,31,Male,22087,719,316,On-time,10,0.03,0
C0087,40,Male,17605,8597,1691,On-time,86,0.49,0
C0088,57,Female,10482,6855,521,On-time,63,0.65,0
C0089,38,Female,27760,18678,2990,On-time,20,0.67,0
C0090,33,Female,23184,8263,596,On-time,62,0.36,0
C0091,62,Male,10463,10245,4776,Late,17,0.98,1
C0092,35,Female,18860,11874,3647,On-time,34,0.63,0
C0093,64,Female,9912,4482,1087,On-time,49,0.45,0
C0094,41,Male,9648,698,315,Missed,41,0.07,1
C0095,43,Female,5855,5296,1879,On-time,97,0.9,0
C0096,42,Female,7866,826,168,Late,37,0.11,0
C0097,62,Female,16834,16732,3359,Missed,87,0.99,1
C0098,58,Female,21294,12100,595,On-time,12,0.57,0
C0099,46,Male,21566,16691,3290,Late,93,0.77,1
C0100,32,Female,8112,3416,571,Late,88,0.42,0
C0101,62,Female,27054,26910,12971,On-time,71,0.99,1
C0102,18,Male,9492,4820,1986,On-time,36,0.51,0
C0103,42,Female,27207,11001,1012,Missed,54,0.4,1
C0104,24,Male,20114,13907,3055,Late,34,0.69,0
C0105,26,Female,6517,3558,932,On-time,70,0.55,0
C0106,41,Male,21018,20862,3890,On-time,53,0.99,1
C0107,18,Male,26386,11669,920,Late,55,0.44,0
C0108,61,Male,22740,21004,4661,On-time,23,0.92,1
C0109,25,Male,25013,15916,3035,On-time,17,0.64,0
C0110,41,Female,25012,10878,915,Late,57,0.43,0
C0111,28,Male,16431,2985,155,On-time,23,0.18,0
C0112,68,Female,13210,8112,1158,On-time,74,0.61,0
C0113,34,Male,16595,8467,3253,Late,89,0.51,0
C0114,25,Male,17871,336,131,Late,91,0.02,0
C0115,52,Male,17743,10165,2294,On-time,16,0.57,0
C0116,52,Female,27516,19363,68,On-time,88,0.7,0
C0117,50,Male,14324,12768,691,On-time,97,0.89,0
C0118,22,Female,16531,3968,1085,Missed,58,0.24,1
C0119,59,Female,11588,910,130,On-time,64,0.08,0
C0120,56,Female,8311,1996,379,On-time,22,0.24,0
C0121,58,Female,27432,15632,915,On-time,82,0.57,0
C0122,45,Female,27630,16279,823,Late,65,0.59,0
C0123,24,Female,5987,3129,441,On-time,65,0.52,0
C0124,26,Female,8321,5447,686,On-time,24,0.65,0
C0125,25,Female,20812,6129,2404,On-time,66,0.29,0
C0126,29,Female,9615,5850,2749,Late,67,0.61,0
C0127,51,Male,20512,7446,2938,On-time,44,0.36,0
C0128,50,Male,18146,11949,5171,On-time,97,0.66,0
C0129,65,Male,29749,8519,2617,On-time,25,0.29,0
C0130,40,Male,18654,314,60,Late,17,0.02,0
C0131,41,Male,25125,11737,2733,On-time,96,0.47,0
C0132,54,Female,8052,1134,358,On-time,54,0.14,0
C0133,52,Female,27958,10938,789,On-time,49,0.39,0
C0134,61,Female,5726,4876,1595,Missed,63,0.85,1
C0135,57,Female,8760,8102,518,On-time,23,0.92,1
C0136,39,Female,27190,15588,2309,Missed,68,0.57,1
C0137,44,Female,6875,1520,161,Late,62,0.22,0
C0138,52,Female,28377,8347,923,On-time,36,0.29,0
C0139,18,Male,18969,5592,509,On-time,56,0.29,0
C0140,52,Male,9033,1724,302,On-time,89,0.19,0
C0141,54,Male,10443,3343,1599,On-time,15,0.32,0
C0142,64,Male,22373,17270,7174,On-time,64,0.77,0
C0143,31,Female,8744,721,198,On-time,53,0.08,0
C0144,20,Female,29995,24062,2333,Missed,27,0.8,1
C0145,18,Female,21977,9104,1379,On-time,25,0.41,0
C0146,22,Male,6774,3357,527,Late,21,0.5,0
C0147,43,Female,15651,870,216,On-time,29,0.06,0
C0148,31,Female,5935,4108,1093,On-time,54,0.69,0
C0149,56,Female,18395,6751,2313,Late,73,0.37,0
C0150,44,Male,8808,497,136,On-time,68,0.06,0
C0151,26,Female,21715,1756,184,Late,99,0.08,0
C0152,32,Male,16641,1117,442,On-time,31,0.07,0
C0153,32,Male,29306,11601,5298,On-time,56,0.4,0
C0154,43,Male,24086,2828,459,Late,38,0.12,0
C0155,59,Male,19376,14996,5591,On-time,95,0.77,0
C0156,30,Female,10889,1647,343,On-time,54,0.15,0
C0157,68,Male,10054,6992,1319,Missed,86,0.7,1
C0158,49,Male,8868,6771,1629,On-time,18,0.76,0
C0159,56,Female,25584,16526,2653,Missed,33,0.65,1
C0160,66,Female,21585,19145,6011,Late,24,0.89,1
C0161,69,Male,23881,3435,1448,Late,45,0.14,0
C0162,49,Female,6842,6622,1519,On-time,22,0.97,1
C0163,21,Male,15058,12852,427,On-time,53,0.85,0
C0164,47,Male,14101,10623,1730,Late,80,0.75,1
C0165,54,Male,17497,1848,100,On-time,81,0.11,0
C0166,40,Male,9658,2696,291,On-time,87,0.28,0
C0167,56,Female,16381,1717,343,On-time,85,0.1,0
C0168,62,Male,12544,3072,969,On-time,45,0.24,0
C0169,32,Female,12718,9259,119,Missed,70,0.73,1
C0170,60,Female,18851,2786,106,Late,90,0.15,0
C0171,46,Female,22154,14154,5551,On-time,49,0.64,0
C0172,53,Female,24539,13409,2136,On-time,36,0.55,0
C0173,30,Male,16777,3791,850,Late,10,0.23,0
C0174,49,Female,6628,1288,492,On-time,43,0.19,0
C0175,24,Male,5386,3871,1091,Missed,77,0.72,1
C0176,68,Female,11031,1806,781,On-time,97,0.16,0
C0177,39,Female,11439,1504,401,On-time,30,0.13,0
C0178,45,Male,27785,19692,5985,On-time,42,0.71,0
C0179,19,Male,18392,13304,1371,Missed,16,0.72,1
C0180,59,Male,25392,21432,2380,On-time,74,0.84,0
C0181,62,Female,23850,18074,5755,On-time,12,0.76,0
C0182,23,Female,7282,5387,159,On-time,60,0.74,0
C0183,45,Male,6856,1344,229,Late,88,0.2,0
C0184,45,Male,20670,3303,593,Late,63,0.16,0
C0185,61,Male,29364,19497,8266,On-time,89,0.66,0
C0186,61,Male,6998,882,380,On-time,83,0.13,0
C0187,37,Female,10476,7850,2888,On-time,68,0.75,0
C0188,47,Male,14428,6416,787,On-time,15,0.44,0
C0189,28,Male,9669,1504,106,On-time,38,0.16,0
C0190,45,Male,17336,10655,229,On-time,26,0.61,0
C0191,42,Male,14342,10745,281,On-time,69,0.75,0
C0192,56,Female,25702,8924,1967,On-time,31,0.35,0
C0193,50,Male,12064,9940,392,On-time,33,0.82,0
C0194,18,Female,12446,3924,526,Late,90,0.32,0
C0195,44,Male,22815,9783,2673,On-time,94,0.43,0
C0196,69,Male,10624,4485,504,On-time,60,0.42,0
C0197,30,Female,12461,8100,1305,On-time,59,0.65,0
C0198,58,Male,6819,492,82,On-time,20,0.07,0
C0199,20,Female,15516,191,70,On-time,65,0.01,0
C0200,56,Female,18749,4917,2355,Late,80,0.26,0
C0201,23,Male,22514,5831,579,On-time,51,0.26,0
C0202,25,Female,27947,25832,7122,On-time,48,0.92,1
C0203,44,Female,7658,1968,278,On-time,78,0.26,0
C0204,26,Female,8500,4322,645,Late,57,0.51,0
C0205,54,Female,29950,13682,3924,On-time,66,0.46,0
C0206,50,Female,7120,2186,484,On-time,30,0.31,0
C0207,68,Female,9020,6999,931,On-time,91,0.78,0
C0208,59,Female,15213,9008,2719,On-time,29,0.59,0
C0209,61,Female,8259,7282,2185,Missed,24,0.88,1
C0210,41,Male,15081,9665,4014,Late,78,0.64,0
C0211,32,Male,6823,1086,79,On-time,86,0.16,0
C0212,49,Female,22858,12391,358,On-time,60,0.54,0
C0213,49,Male,23626,1874,392,Missed,85,0.08,1
C0214,41,Female,18467,9062,485,On-time,71,0.49,0
C0215,58,Female,24627,4763,226,On-time,94,0.19,0
C0216,69,Male,11990,10234,188,Missed,46,0.85,1
C0217,66,Female,26544,24848,243,Late,15,0.94,1
C0218,66,Female,8134,1029,235,On-time,80,0.13,0
C0219,69,Female,23454,11410,3285,On-time,35,0.49,0
C0220,29,Female,21743,14519,5330,On-time,17,0.67,0
C0221,56,Male,20434,1051,480,Late,82,0.05,0
C0222,19,Female,20007,12225,4670,On-time,13,0.61,0
C0223,20,Female,15233,9765,3929,On-time,30,0.64,0
C0224,66,Female,21378,11382,3163,On-time,40,0.53,0
C0225,54,Male,6141,4388,790,On-time,30,0.71,0
C0226,66,Female,23019,11989,5007,On-time,34,0.52,0
C0227,34,Male,25384,22704,9195,On-time,24,0.89,0
C0228,66,Male,15135,11939,1352,On-time,44,0.79,0
C0229,19,Female,17966,307,103,On-time,58,0.02,0
C0230,19,Female,8361,7737,1793,Missed,52,0.93,1
C0231,45,Male,27967,3359,882,On-time,50,0.12,0
C0232,40,Female,12835,3176,189,Late,46,0.25,0
C0233,54,Male,16172,1251,595,Missed,66,0.08,1
C0234,49,Male,21390,5366,1894,On-time,51,0.25,0
C0235,50,Female,8267,1517,579,On-time,56,0.18,0
C0236,18,Female,11564,6226,106,Missed,70,0.54,1
C0237,36,Male,26312,21689,54,On-time,23,0.82,0
C0238,19,Male,23990,22253,5583,On-time,77,0.93,1
C0239,61,Male,16411,14330,3303,On-time,62,0.87,0
C0240,43,Male,10906,4891,1412,On-time,93,0.45,0
C0241,49,Female,21028,4992,1870,Late,43,0.24,0
C0242,23,Female,24657,1961,308,Late,85,0.08,0
C0243,49,Female,12611,12497,2713,Late,33,0.99,1
C0244,21,Female,22297,19247,9515,On-time,29,0.86,0
C0245,28,Female,7011,2656,947,On-time,78,0.38,0
C0246,34,Male,22826,13255,3068,On-time,39,0.58,0
C0247,55,Female,26930,4567,1181,On-time,97,0.17,0
C0248,41,Female,16246,16079,4813,On-time,16,0.99,1
C0249,22,Female,18790,6513,2691,On-time,45,0.35,0
C0250,69,Female,16738,15235,2686,On-time,47,0.91,1
C0251,51,Female,19730,11755,3079,On-time,89,0.6,0
C0252,23,Male,16120,9114,3069,On-time,61,0.57,0
C0253,39,Male,23213,11151,5427,On-time,24,0.48,0
C0254,28,Male,13767,183,86,On-time,55,0.01,0
C0255,65,Female,27852,24139,6072,On-time,32,0.87,0
C0256,33,Male,18703,3358,331,On-time,21,0.18,0
C0257,50,Male,5929,1398,137,Late,53,0.24,0
C0258,26,Female,16951,10988,5373,Late,24,0.65,0
C0259,23,Female,25083,7678,2113,Missed,58,0.31,1
C0260,33,Female,20845,5698,985,On-time,30,0.27,0
C0261,46,Male,22438,1273,303,On-time,24,0.06,0
C0262,20,Male,20747,11241,5357,On-time,23,0.54,0
C0263,37,Female,10744,1096,378,Late,51,0.1,0
C0264,53,Female,23284,9497,2641,On-time,89,0.41,0
C0265,36,Male,14649,9107,2880,Late,24,0.62,0
C0266,43,Male,11980,11273,3094,On-time,72,0.94,1
C0267,20,Female,12069,8002,1470,Missed,77,0.66,1
C0268,36,Female,14591,4247,1590,Missed,36,0.29,1
C0269,37,Male,24799,9220,3451,On-time,96,0.37,0
C0270,49,Female,5442,5314,1242,On-time,62,0.98,1
C0271,24,Male,27602,26553,5862,On-time,61,0.96,1
C0272,69,Male,9652,3354,415,On-time,72,0.35,0
C0273,58,Male,29323,10703,5347,On-time,82,0.37,0
C0274,50,Male,29217,15472,704,On-time,62,0.53,0
C0275,57,Female,14370,270,56,On-time,66,0.02,0
C0276,56,Female,12597,1186,89,On-time,61,0.09,0
C0277,35,Male,19325,12392,3021,On-time,52,0.64,0
C0278,57,Male,9458,6305,465,On-time,16,0.67,0
C0279,18,Male,11591,2398,304,On-time,51,0.21,0
C0280,28,Male,21346,12721,5312,On-time,13,0.6,0
C0281,45,Male,16826,6995,1926,Late,78,0.42,0
C0282,42,Female,23693,12427,2807,On-time,14,0.52,0
C0283,67,Female,19138,13782,2674,Late,84,0.72,1
C0284,40,Female,27652,23683,6204,On-time,89,0.86,0
C0285,48,Female,22294,20566,7837,On-time,50,0.92,1
C0286,47,Male,25724,2230,75,On-time,13,0.09,0
C0287,59,Male,25393,6511,3054,On-time,11,0.26,0
C0288,52,Male,28012,16512,4566,On-time,76,0.59,0
C0289,24,Male,7169,1269,270,On-time,30,0.18,0
C0290,33,Male,23556,20056,6022,On-time,79,0.85,0
C0291,43,Female,27052,26177,6689,On-time,52,0.97,1
C0292,65,Male,11313,4765,1310,On-time,91,0.42,0
C0293,69,Female,13315,3970,286,Late,78,0.3,0
C0294,66,Female,13036,7545,1058,On-time,18,0.58,0
C0295,19,Female,28173,13272,4364,On-time,93,0.47,0
C0296,18,Female,5785,4947,1560,Late,37,0.86,1
C0297,65,Male,11139,5552,2009,On-time,35,0.5,0
C0298,29,Female,11344,627,200,Late,91,0.06,0
C0299,22,Female,23800,11989,2732,On-time,92,0.5,0
C0300,54,Female,25538,13780,1039,On-time,12,0.54,0
C0301,49,Male,19973,6589,238,Missed,82,0.33,1
C0302,26,Male,10619,2044,304,On-time,58,0.19,0
C0303,58,Male,6936,3552,117,Late,26,0.51,0
C0304,52,Female,8807,2341,665,On-time,72,0.27,0
C0305,36,Female,12151,5884,2433,On-time,64,0.48,0
C0306,65,Male,14493,11406,5019,Late,32,0.79,1
C0307,33,Female,17355,8185,3530,On-time,43,0.47,0
C0308,20,Male,8236,249,93,Late,78,0.03,0
C0309,37,Male,20848,19309,8125,On-time,24,0.93,1
C0310,41,Female,7352,5043,1675,On-time,56,0.69,0
C0311,50,Female,6932,974,406,On-time,12,0.14,0
C0312,41,Female,15913,9517,305,Late,92,0.6,0
C0313,69,Female,13556,7192,1057,On-time,37,0.53,0
C0314,28,Male,26300,9175,1805,On-time,12,0.35,0
C0315,66,Male,10498,9080,2621,Late,13,0.86,1
C0316,25,Male,15582,11129,3958,Late,97,0.71,1
C0317,53,Male,22330,16260,3047,On-time,40,0.73,0
C0318,55,Male,18865,2672,805,On-time,54,0.14,0
C0319,57,Female,14569,13162,3815,On-time,68,0.9,0
C0320,37,Male,22823,7279,333,On-time,54,0.32,0
C0321,52,Male,29114,23915,11625,On-time,84,0.82,0
C0322,65,Male,9857,9518,148,On-time,46,0.97,1
C0323,42,Female,5340,470,159,On-time,74,0.09,0
C0324,52,Female,16181,1987,275,Late,18,0.12,0
C0325,42,Female,21766,16474,1918,Late,26,0.76,1
C0326,46,Female,13491,8721,2715,On-time,74,0.65,0
C0327,35,Male,5138,4756,1438,On-time,12,0.93,1
C0328,63,Male,5358,4059,417,On-time,35,0.76,0
C0329,35,Female,26315,13026,619,On-time,62,0.5,0
C0330,19,Female,14714,2773,639,Late,40,0.19,0
C0331,52,Male,24840,13159,1115,On-time,35,0.53,0
C0332,33,Male,6627,1686,471,On-time,32,0.25,0
C0333,58,Female,20996,10178,2933,On-time,39,0.48,0
C0334,53,Female,28010,23793,1254,On-time,19,0.85,0
C0335,50,Female,10004,4440,594,On-time,81,0.44,0
C0336,21,Female,18283,7347,120,On-time,98,0.4,0
C0337,50,Male,11652,1008,105,On-time,73,0.09,0
C0338,31,Male,27800,3783,1178,On-time,31,0.14,0
C0339,38,Male,24554,23030,1273,Late,24,0.94,1
C0340,65,Female,25219,4298,817,Late,65,0.17,0
C0341,37,Female,29401,4668,1756,On-time,83,0.16,0
C0342,25,Male,7151,4287,704,On-time,29,0.6,0
C0343,24,Male,14429,2052,727,On-time,56,0.14,0
C0344,20,Male,19072,1716,448,On-time,96,0.09,0
C0345,34,Male,16927,310,54,On-time,62,0.02,0
C0346,50,Female,11905,4538,270,On-time,62,0.38,0
C0347,65,Male,24218,1260,231,On-time,10,0.05,0
C0348,29,Male,17452,13157,4452,On-time,11,0.75,0
C0349,68,Male,21212,20316,2619,On-time,67,0.96,1
C0350,39,Male,23951,11460,5565,On-time,28,0.48,0
C0351,39,Male,6307,584,53,Late,71,0.09,0
C0352,63,Male,19852,14011,4035,On-time,87,0.71,0
C0353,47,Male,7660,2866,897,On-time,81,0.37,0
C0354,55,Female,15403,14365,4949,On-time,21,0.93,1
C0355,55,Female,25114,5898,264,Late,35,0.23,0
C0356,62,Female,15238,2011,659,Late,36,0.13,0
C0357,68,Female,11207,6251,1493,Late,38,0.56,0
C0358,25,Male,24546,4939,150,On-time,24,0.2,0
C0359,44,Female,6140,4006,1012,On-time,55,0.65,0
C0360,44,Female,29842,1625,570,Late,10,0.05,0
C0361,51,Male,6708,2764,622,On-time,69,0.41,0
C0362,38,Male,8630,890,358,On-time,66,0.1,0
C0363,47,Female,24595,6078,707,Late,12,0.25,0
C0364,50,Female,15485,13247,4052,On-time,27,0.86,0
C0365,45,Male,17021,8923,3184,On-time,61,0.52,0
C0366,64,Female,27922,3961,1706,On-time,69,0.14,0
C0367,50,Male,21859,18888,8467,On-time,43,0.86,0
C0368,22,Male,12684,8806,4250,On-time,98,0.69,0
C0369,65,Male,6207,3806,821,On-time,69,0.61,0
C0370,36,Male,18331,18103,7472,Late,35,0.99,1
C0371,21,Female,6960,4769,478,On-time,81,0.69,0
C0372,52,Male,5557,5366,483,Late,28,0.97,1
C0373,66,Male,20883,6686,1280,On-time,31,0.32,0
C0374,34,Female,18893,1587,77,On-time,42,0.08,0
C0375,61,Male,5882,1611,731,Late,47,0.27,0
C0376,45,Female,9761,896,385,Late,44,0.09,0
C0377,47,Female,10867,5558,2685,On-time,76,0.51,0
C0378,46,Female,28347,24853,7845,Late,92,0.88,1
C0379,63,Male,17869,10350,3190,Late,19,0.58,0
C0380,23,Female,12166,2432,915,Late,24,0.2,0
C0381,52,Female,17982,11454,2843,On-time,20,0.64,0
C0382,58,Male,12929,6837,3288,Late,99,0.53,0
C0383,54,Female,10347,1449,417,Missed,33,0.14,1
C0384,41,Female,12269,4500,300,Late,86,0.37,0
C0385,46,Female,29509,5454,905,On-time,13,0.18,0
C0386,66,Female,18527,9424,3807,On-time,22,0.51,0
C0387,63,Female,7454,4117,1243,On-time,82,0.55,0
C0388,48,Male,25878,8869,968,On-time,66,0.34,0
C0389,52,Female,23330,10850,1223,Missed,46,0.47,1
C0390,50,Female,17991,14343,3253,On-time,57,0.8,0
C0391,69,Male,7808,6845,482,On-time,80,0.88,0
C0392,38,Male,11642,3758,108,Missed,10,0.32,1
C0393,49,Male,8825,5904,1018,On-time,69,0.67,0
C0394,40,Female,8536,4624,885,On-time,21,0.54,0
C0395,50,Male,27452,26613,10488,On-time,30,0.97,1
C0396,20,Female,20309,8848,2312,On-time,20,0.44,0
C0397,35,Female,8802,165,51,On-time,53,0.02,0
C0398,42,Male,26083,13136,3682,Missed,67,0.5,1
C0399,59,Male,23354,20975,4617,On-time,53,0.9,0
C0400,48,Female,27190,589,281,On-time,87,0.02,0
C0401,20,Male,11142,4524,296,On-time,43,0.41,0
C0402,57,Female,24203,19205,2479,On-time,34,0.79,0
C0403,63,Male,14094,12450,1040,On-time,13,0.88,0
C0404,41,Male,5364,1262,288,On-time,73,0.24,0
C0405,67,Male,25642,16455,976,On-time,99,0.64,0
C0406,49,Female,24503,11708,3488,Late,25,0.48,0
C0407,64,Male,20688,12942,5337,On-time,19,0.63,0
C0408,39,Female,6863,3580,609,On-time,75,0.52,0
C0409,40,Female,21499,16652,5980,Late,44,0.77,1
C0410,19,Female,12084,9968,4072,On-time,92,0.82,0
C0411,44,Female,13016,2462,738,On-time,15,0.19,0
C0412,59,Male,7384,1268,429,On-time,28,0.17,0
C0413,19,Female,20072,1015,129,On-time,68,0.05,0
C0414,43,Female,8935,7984,2794,On-time,62,0.89,0
C0415,34,Male,18127,406,160,On-time,17,0.02,0
C0416,57,Female,19482,7384,1534,On-time,87,0.38,0
C0417,50,Male,12742,6049,3008,On-time,19,0.47,0
C0418,26,Female,21165,11268,5105,On-time,76,0.53,0
C0419,60,Male,26826,17369,4623,On-time,47,0.65,0
C0420,65,Female,7490,3603,1053,Late,38,0.48,0
C0421,56,Male,28364,4485,756,Missed,24,0.16,1
C0422,46,Female,18324,8901,3114,Late,96,0.49,0
C0423,59,Female,29045,2618,803,On-time,32,0.09,0
C0424,43,Male,23108,22673,5805,On-time,91,0.98,1
C0425,52,Male,29566,9603,637,On-time,55,0.32,0
C0426,67,Male,24151,6928,1384,On-time,92,0.29,0
C0427,42,Male,6137,5368,1542,On-time,37,0.87,0
C0428,41,Female,25501,4621,1897,On-time,35,0.18,0
C0429,30,Female,8420,7566,2805,On-time,19,0.9,0
C0430,24,Male,10845,4670,256,On-time,56,0.43,0
C0431,53,Female,26162,24042,10440,Missed,13,0.92,1
C0432,62,Male,8906,1003,205,On-time,64,0.11,0
C0433,37,Male,25021,23888,214,On-time,75,0.95,1
C0434,18,Female,24337,18850,7110,On-time,76,0.77,0
C0435,25,Female,27313,26514,10240,On-time,16,0.97,1
C0436,63,Female,17413,9890,3107,On-time,64,0.57,0
C0437,33,Female,5276,4527,2134,On-time,89,0.86,0
C0438,31,Female,23383,10283,4478,On-time,40,0.44,0
C0439,29,Female,22611,18279,452,Late,83,0.81,1
C0440,68,Female,11337,6524,463,Late,28,0.58,0
C0441,40,Male,16944,14698,94,Missed,37,0.87,1
C0442,32,Male,25119,17457,6399,Late,90,0.69,0
C0443,45,Male,20906,5184,111,On-time,37,0.25,0
C0444,51,Male,22079,2402,469,On-time,28,0.11,0
C0445,19,Male,25536,4895,917,On-time,96,0.19,0
C0446,49,Female,29285,23715,8260,On-time,29,0.81,0
C0447,40,Male,28854,11404,414,On-time,22,0.4,0
C0448,39,Male,17306,15161,7517,Late,86,0.88,1
C0449,68,Male,28921,9343,3882,On-time,52,0.32,0
C0450,42,Male,15503,10637,5286,On-time,20,0.69,0
C0451,39,Male,24225,1956,629,On-time,57,0.08,0
C0452,39,Male,9208,7023,595,Missed,24,0.76,1
C0453,66,Male,16590,14062,5875,On-time,26,0.85,0
C0454,69,Female,15886,14333,6518,Late,63,0.9,1
C0455,59,Female,17866,3907,104,Late,59,0.22,0
C0456,23,Male,6088,807,315,Missed,37,0.13,1
C0457,32,Female,8363,4827,91,Late,92,0.58,0
C0458,60,Female,5024,4524,1370,Late,13,0.9,1
C0459,54,Female,14764,9499,4094,On-time,31,0.64,0
C0460,50,Female,27528,16223,4376,On-time,95,0.59,0
C0461,25,Male,27052,18668,502,On-time,48,0.69,0
C0462,61,Female,25620,5313,2491,On-time,43,0.21,0
C0463,61,Female,14959,13598,5691,Missed,53,0.91,1
C0464,22,Female,17935,13058,1431,On-time,51,0.73,0
C0465,56,Male,13068,757,177,Late,49,0.06,0
C0466,21,Male,23619,4887,1266,On-time,21,0.21,0
C0467,23,Male,12295,3854,653,On-time,11,0.31,0
C0468,62,Male,13392,12458,930,Missed,37,0.93,1
C0469,49,Male,16390,14536,3864,On-time,83,0.89,0
C0470,69,Male,13448,3558,1151,On-time,95,0.26,0
C0471,47,Male,25131,9772,134,On-time,90,0.39,0
C0472,64,Female,15433,961,79,On-time,99,0.06,0
C0473,52,Female,20038,3575,98,On-time,76,0.18,0
C0474,57,Female,24559,2418,118,On-time,80,0.1,0
C0475,69,Male,16528,4198,1751,On-time,81,0.25,0
C0476,33,Male,26281,1001,220,Late,93,0.04,0
C0477,30,Male,26421,21628,10436,Late,85,0.82,1
C0478,67,Male,20743,7119,3427,On-time,90,0.34,0
C0479,59,Male,28811,20450,5161,On-time,19,0.71,0
C0480,47,Female,13605,2845,658,Late,95,0.21,0
C0481,36,Female,7014,1481,495,On-time,66,0.21,0
C0482,34,Male,6381,3301,270,On-time,95,0.52,0
C0483,36,Male,6098,657,92,On-time,46,0.11,0
C0484,45,Male,24810,5316,1451,Late,86,0.21,0
C0485,43,Male,25039,16244,7837,On-time,73,0.65,0
C0486,54,Female,29322,27356,11579,On-time,88,0.93,1
C0487,43,Male,14101,422,144,On-time,95,0.03,0
C0488,40,Male,5187,3681,311,On-time,49,0.71,0
C0489,26,Male,16948,4266,1898,On-time,69,0.25,0
C0490,29,Male,15207,7549,946,On-time,57,0.5,0
C0491,18,Female,26793,22700,4075,Late,28,0.85,1
C0492,18,Male,7092,2710,268,Missed,81,0.38,1
C0493,64,Male,23514,10589,141,On-time,42,0.45,0
C0494,51,Female,10242,8069,176,On-time,53,0.79,0
C0495,49,Female,13549,10167,4225,On-time,46,0.75,0
C0496,65,Female,27031,1657,287,Late,98,0.06,0
C0497,42,Male,10185,2541,1032,Late,45,0.25,0
C0498,57,Male,20271,6763,965,On-time,90,0.33,0
C0499,62,Female,10776,3075,535,On-time,97,0.29,0
C0500,18,Female,17449,3164,743,Late,30,0.18,0
C0501,33,Female,29297,27542,12362,On-time,11,0.94,1
C0502,56,Female,28931,18437,8397,On-time,40,0.64,0
C0503,22,Female,12823,8479,3638,On-time,39,0.66,0
C0504,39,Female,20717,5737,2729,On-time,85,0.28,0
C0505,46,Male,12355,3217,1603,On-time,53,0.26,0
C0506,20,Male,11465,1447,106,Late,21,0.13,0
C0507,29,Male,17737,6009,1678,On-time,60,0.34,0
C0508,43,Female,22881,16991,1457,On-time,58,0.74,0
C0509,33,Female,18324,4552,1266,On-time,33,0.25,0
C0510,68,Female,15350,1764,286,On-time,33,0.11,0
C0511,54,Female,7555,1225,436,On-time,69,0.16,0
C0512,39,Female,26793,25811,3547,On-time,20,0.96,1
C0513,46,Female,7951,1029,326,Late,22,0.13,0
C0514,31,Male,22622,2671,1300,On-time,81,0.12,0
C0515,45,Male,9727,6519,794,On-time,83,0.67,0
C0516,22,Female,25349,3962,601,On-time,81,0.16,0
C0517,64,Male,10686,3177,1396,On-time,73,0.3,0
C0518,66,Female,8701,3722,1226,Late,29,0.43,0
C0519,47,Male,7780,4906,688,On-time,81,0.63,0
C0520,63,Female,28782,7263,286,Missed,82,0.25,1
C0521,69,Female,22972,13699,1047,On-time,80,0.6,0
C0522,22,Male,7368,5054,2152,Late,87,0.69,0
C0523,29,Male,20592,11088,2781,On-time,37,0.54,0
C0524,33,Female,27173,808,158,On-time,11,0.03,0
C0525,43,Female,5436,978,403,On-time,52,0.18,0
C0526,43,Male,7828,2463,422,On-time,17,0.31,0
C0527,65,Male,6556,725,136,Late,22,0.11,0
C0528,38,Female,28954,10693,2298,Late,94,0.37,0
C0529,56,Male,18364,7701,898,On-time,44,0.42,0
C0530,53,Female,28864,17600,6404,On-time,32,0.61,0
C0531,50,Female,20061,18581,8745,On-time,55,0.93,1
C0532,47,Female,15576,14191,3239,Late,24,0.91,1
C0533,54,Female,21566,19190,8944,On-time,11,0.89,0
C0534,40,Male,12190,8970,3675,On-time,70,0.74,0
C0535,27,Male,28071,17356,364,On-time,85,0.62,0
C0536,22,Male,10565,5634,2426,Late,73,0.53,0
C0537,53,Male,28625,13704,1090,On-time,61,0.48,0
C0538,51,Male,20369,2123,332,Late,45,0.1,0
C0539,69,Male,29035,25174,11232,Late,76,0.87,1
C0540,48,Male,26959,11533,307,On-time,78,0.43,0
C0541,27,Female,6589,224,111,On-time,76,0.03,0
C0542,36,Male,5159,840,149,Late,56,0.16,0
C0543,49,Male,17145,1814,68,On-time,92,0.11,0
C0544,18,Female,20373,13001,1602,Missed,11,0.64,1
C0545,22,Male,11555,1106,374,On-time,53,0.1,0
C0546,62,Male,21237,16508,5635,On-time,73,0.78,0
C0547,21,Female,14203,3246,1446,Missed,90,0.23,1
C0548,33,Male,13244,2931,807,On-time,87,0.22,0
C0549,41,Male,19743,13567,2860,On-time,37,0.69,0
C0550,33,Male,18333,14038,1154,Late,63,0.77,1
C0551,19,Female,18341,12317,5720,On-time,83,0.67,0
C0552,66,Male,28230,2971,473,On-time,76,0.11,0
C0553,45,Male,23691,2017,478,On-time,45,0.09,0
C0554,49,Female,6228,2415,253,Late,72,0.39,0
C0555,44,Male,28610,19480,2825,Late,34,0.68,0
C0556,37,Female,10590,1609,334,On-time,95,0.15,0
C0557,41,Female,28303,717,245,Late,57,0.03,0
C0558,29,Male,10585,3561,356,Late,48,0.34,0
C0559,67,Female,14227,9208,1737,On-time,56,0.65,0
C0560,52,Female,11046,6782,63,On-time,30,0.61,0
C0561,50,Male,17237,1048,374,On-time,39,0.06,0
C0562,50,Female,20649,11618,2011,On-time,40,0.56,0
C0563,68,Female,9945,8307,772,Late,35,0.84,1
C0564,60,Male,12927,10287,829,Late,31,0.8,1
C0565,54,Male,17641,7905,1283,On-time,30,0.45,0
C0566,29,Male,20998,9993,578,On-time,10,0.48,0
C0567,20,Female,18386,10338,4943,On-time,46,0.56,0
C0568,18,Male,12016,5578,393,On-time,86,0.46,0
C0569,50,Female,19027,13834,3836,On-time,94,0.73,0
C0570,57,Female,20920,18004,5448,On-time,55,0.86,0
C0571,27,Female,29142,6548,258,On-time,18,0.22,0
C0572,60,Female,18752,7381,690,On-time,26,0.39,0
C0573,61,Female,26470,21164,3456,Late,56,0.8,1
C0574,46,Female,28545,27526,9553,On-time,94,0.96,1
C0575,30,Female,23268,20176,969,On-time,68,0.87,0
C0576,29,Male,23193,2941,468,On-time,63,0.13,0
C0577,48,Male,8167,5695,1799,On-time,95,0.7,0
C0578,63,Female,16989,6401,2892,On-time,21,0.38,0
C0579,19,Female,27736,15179,7428,On-time,73,0.55,0
C0580,68,Male,19087,14456,5534,Late,15,0.76,1
C0581,67,Female,27440,13097,1149,On-time,62,0.48,0
C0582,52,Male,7437,977,197,Late,25,0.13,0
C0583,40,Male,27852,6197,2822,Missed,99,0.22,1
C0584,34,Male,20275,5450,2530,Late,14,0.27,0
C0585,43,Female,27335,25359,6834,On-time,82,0.93,1
C0586,25,Female,10276,8432,1595,Missed,55,0.82,1
C0587,46,Male,13859,5874,1120,On-time,23,0.42,0
C0588,43,Male,12818,1553,428,On-time,53,0.12,0
C0589,27,Male,9728,1012,364,Late,72,0.1,0
C0590,43,Male,24008,8378,2989,On-time,61,0.35,0
C0591,51,Male,10738,1881,903,On-time,35,0.18,0
C0592,68,Female,25616,6799,1219,On-time,62,0.27,0
C0593,58,Male,10793,4586,1953,On-time,38,0.42,0
C0594,24,Female,9523,8622,728,On-time,28,0.91,1
C0595,21,Male,10571,8430,1038,On-time,56,0.8,0
C0596,67,Female,21209,2345,1155,Missed,17,0.11,1
C0597,62,Female,20246,16459,2525,Missed,32,0.81,1
C0598,28,Female,15380,9548,1657,Late,44,0.62,0
C0599,46,Female,7224,6019,2919,On-time,62,0.83,0
C0600,53,Female,13389,5877,1552,On-time,67,0.44,0
C0601,42,Female,20927,6785,1839,Missed,14,0.32,1
C0602,38,Male,27475,15833,5331,Late,25,0.58,0
C0603,53,Female,16684,4922,981,On-time,26,0.3,0
C0604,27,Male,15640,8090,1475,On-time,41,0.52,0
C0605,54,Female,13662,2330,1111,On-time,61,0.17,0
C0606,26,Female,11361,4686,2028,On-time,29,0.41,0
C0607,41,Male,6948,6215,2608,On-time,75,0.89,0
C0608,52,Female,17091,12205,2490,Late,93,0.71,1
C0609,66,Male,16992,13179,2092,On-time,91,0.78,0
C0610,52,Male,28478,18443,6906,On-time,10,0.65,0
C0611,65,Male,11318,140,63,On-time,67,0.01,0
C0612,53,Male,25180,18173,7417,On-time,92,0.72,0
C0613,35,Female,17180,16,50,On-time,53,0.0,0
C0614,66,Female,5234,5182,1328,On-time,15,0.99,1
C0615,56,Male,20372,16848,2644,On-time,59,0.83,0
C0616,49,Female,24991,20855,4739,Late,81,0.83,1
C0617,41,Female,29427,18211,2486,On-time,97,0.62,0
C0618,40,Male,5522,3028,1471,On-time,29,0.55,0
C0619,49,Female,27288,25095,12045,On-time,23,0.92,1
C0620,54,Male,17718,5956,2255,Late,14,0.34,0
C0621,29,Male,26272,16473,1077,On-time,50,0.63,0
C0622,66,Female,14821,4815,2264,Late,49,0.32,0
C0623,30,Female,10832,2851,1009,On-time,43,0.26,0
C0624,40,Female,17820,2843,458,Late,89,0.16,0
C0625,42,Male,21211,15972,3533,Late,54,0.75,1
C0626,52,Male,12122,9117,2291,On-time,80,0.75,0
C0627,58,Female,10842,6543,2332,On-time,89,0.6,0
C0628,47,Female,6316,5901,2815,On-time,80,0.93,1
C0629,34,Female,18200,17353,4961,Late,36,0.95,1
C0630,66,Female,22508,1094,453,On-time,87,0.05,0
C0631,37,Male,27005,6124,942,On-time,87,0.23,0
C0632,65,Female,26807,23731,10967,Late,53,0.89,1
C0633,42,Male,20206,19579,3432,Late,42,0.97,1
C0634,39,Male,23971,1404,117,On-time,42,0.06,0
C0635,30,Female,27056,23324,7680,On-time,53,0.86,0
C0636,36,Female,6378,4290,137,On-time,29,0.67,0
C0637,66,Female,24758,3982,266,On-time,45,0.16,0
C0638,53,Male,6519,4323,2098,On-time,16,0.66,0
C0639,29,Female,27161,15790,1208,On-time,41,0.58,0
C0640,58,Female,12935,12205,5866,On-time,76,0.94,1
C0641,36,Male,11093,5555,1424,Late,48,0.5,0
C0642,29,Female,29802,24338,6326,On-time,33,0.82,0
C0643,26,Male,10355,4713,1693,On-time,95,0.46,0
C0644,24,Female,26352,3092,227,On-time,79,0.12,0
C0645,45,Male,14083,4159,859,On-time,97,0.3,0
C0646,31,Female,10574,6308,1431,On-time,96,0.6,0
C0647,48,Female,25456,23862,6573,On-time,63,0.94,1
C0648,69,Male,18324,13971,5053,Late,47,0.76,1
C0649,36,Male,7257,6424,2755,On-time,83,0.89,0
C0650,64,Female,29972,4933,635,On-time,89,0.16,0
C0651,33,Male,18411,4926,1039,Missed,84,0.27,1
C0652,22,Male,20233,3969,1181,On-time,41,0.2,0
C0653,52,Male,20887,2965,171,Late,54,0.14,0
C0654,29,Male,25808,4319,2114,On-time,70,0.17,0
C0655,42,Female,24621,8975,2424,Late,79,0.36,0
C0656,69,Female,25277,7108,367,On-time,97,0.28,0
C0657,38,Male,7005,949,346,Late,62,0.14,0
C0658,53,Male,23400,20323,1552,Late,60,0.87,1
C0659,40,Male,15860,15389,6180,On-time,85,0.97,1
C0660,33,Male,15070,44,50,On-time,65,0.0,0
C0661,56,Female,14388,1810,301,Late,36,0.13,0
C0662,62,Female,23156,20950,2092,On-time,47,0.9,0
C0663,59,Male,29737,10273,4648,On-time,71,0.35,0
C0664,56,Male,25360,9021,2072,On-time,27,0.36,0
C0665,31,Male,23135,18293,168,Late,73,0.79,1
C0666,48,Female,28814,6364,759,On-time,86,0.22,0
C0667,22,Male,19609,2581,94,On-time,39,0.13,0
C0668,52,Female,28554,691,228,On-time,58,0.02,0
C0669,40,Male,27853,931,431,Late,50,0.03,0
C0670,46,Female,21363,13128,467,Missed,22,0.61,1
C0671,60,Male,24604,24294,2653,Missed,43,0.99,1
C0672,28,Female,21923,14226,3904,On-time,34,0.65,0
C0673,35,Male,19823,13861,1151,Late,75,0.7,0
C0674,64,Male,22845,15475,4471,On-time,27,0.68,0
C0675,29,Male,26568,22766,7907,On-time,14,0.86,0
C0676,26,Female,13547,3406,1430,On-time,28,0.25,0
C0677,27,Male,16515,8339,2311,On-time,51,0.5,0
C0678,61,Female,5234,1032,391,Missed,27,0.2,1
C0679,34,Female,19562,17695,558,On-time,41,0.9,0
C0680,55,Male,22932,8579,2429,On-time,30,0.37,0
C0681,24,Male,12480,3121,1166,Late,19,0.25,0
C0682,63,Male,9213,1873,737,Late,46,0.2,0
C0683,30,Female,15293,11780,4802,On-time,58,0.77,0
C0684,57,Male,6673,915,56,On-time,95,0.14,0
C0685,59,Female,28092,26454,9534,Late,22,0.94,1
C0686,26,Female,29366,23165,5545,On-time,64,0.79,0
C0687,67,Male,7100,3748,1077,On-time,26,0.53,0
C0688,44,Male,16849,277,59,On-time,18,0.02,0
C0689,19,Male,25132,18243,7448,On-time,97,0.73,0
C0690,22,Male,24557,11563,5698,Late,53,0.47,0
C0691,46,Male,23199,22313,5221,On-time,87,0.96,1
C0692,54,Male,8841,6792,374,On-time,55,0.77,0
C0693,55,Female,15197,4713,1041,On-time,17,0.31,0
C0694,36,Female,13016,10374,2043,On-time,46,0.8,0
C0695,25,Female,12011,4675,766,On-time,28,0.39,0
C0696,65,Male,9493,1170,326,On-time,72,0.12,0
C0697,62,Female,22058,8681,2633,On-time,55,0.39,0
C0698,18,Female,29472,10717,3607,On-time,80,0.36,0
C0699,39,Female,13578,9374,3637,On-time,35,0.69,0
C0700,69,Female,7158,4479,201,On-time,55,0.63,0
C0701,34,Female,24045,12450,1004,On-time,55,0.52,0
C0702,24,Male,7064,2488,308,On-time,84,0.35,0
C0703,42,Male,8253,5308,2421,Missed,23,0.64,1
C0704,62,Female,26363,2462,1066,On-time,94,0.09,0
C0705,21,Female,29087,13650,5014,On-time,72,0.47,0
C0706,53,Female,17828,287,89,On-time,81,0.02,0
C0707,23,Male,6401,5953,737,Missed,12,0.93,1
C0708,48,Male,24643,20666,8551,On-time,37,0.84,0
C0709,36,Female,20193,18291,3177,Late,38,0.91,1
C0710,61,Male,17096,1161,522,On-time,96,0.07,0
C0711,56,Male,25307,16513,3445,Missed,27,0.65,1
C0712,44,Female,9214,6337,863,Late,44,0.69,0
C0713,27,Male,24611,2363,895,On-time,86,0.1,0
C0714,43,Male,16023,8151,1214,On-time,85,0.51,0
C0715,36,Female,16950,5983,716,On-time,56,0.35,0
C0716,56,Male,15704,143,55,On-time,14,0.01,0
C0717,20,Male,15343,8207,1858,On-time,84,0.53,0
C0718,62,Female,16867,14758,5589,On-time,68,0.87,0
C0719,30,Male,7745,244,51,On-time,84,0.03,0
C0720,67,Male,27475,17310,3882,On-time,68,0.63,0
C0721,45,Female,8866,3178,229,On-time,56,0.36,0
C0722,37,Female,16956,2176,115,On-time,22,0.13,0
C0723,45,Female,10818,5002,869,On-time,87,0.46,0
C0724,25,Male,23606,886,397,Missed,98,0.04,1
C0725,58,Female,21093,19782,2631,On-time,42,0.94,1
C0726,56,Male,24176,13721,1440,Late,71,0.57,0
C0727,18,Female,20493,12142,1180,On-time,88,0.59,0
C0728,20,Male,25447,24881,2536,On-time,25,0.98,1
C0729,30,Female,22908,2654,884,On-time,53,0.12,0
C0730,45,Female,13224,11984,276,On-time,67,0.91,1
C0731,66,Female,27582,23776,11757,Late,15,0.86,1
C0732,42,Female,9025,1371,491,On-time,98,0.15,0
C0733,50,Male,23950,7135,2493,On-time,24,0.3,0
C0734,55,Female,24187,320,137,Missed,13,0.01,1
C0735,23,Female,25093,4654,1654,On-time,65,0.19,0
C0736,61,Male,11155,5300,2181,Missed,73,0.48,1
C0737,62,Female,18839,16131,3736,Missed,77,0.86,1
C0738,49,Male,5719,1131,62,On-time,43,0.2,0
C0739,62,Female,19890,10770,1882,On-time,65,0.54,0
C0740,64,Female,27900,6553,1898,On-time,41,0.23,0
C0741,38,Female,25963,20426,8734,On-time,18,0.79,0
C0742,33,Male,22356,11559,1598,On-time,72,0.52,0
C0743,38,Female,25102,9009,1193,Missed,81,0.36,1
C0744,28,Female,28779,13482,5115,Late,87,0.47,0
C0745,54,Female,25786,7498,2450,On-time,42,0.29,0
C0746,53,Male,25936,6636,3178,On-time,96,0.26,0
C0747,52,Male,23591,7362,2137,On-time,30,0.31,0
C0748,36,Female,9426,11,50,On-time,64,0.0,0
C0749,37,Male,28303,16578,4007,Late,85,0.59,0
C0750,35,Female,17512,2537,689,On-time,66,0.14,0
C0751,64,Female,20064,19226,222,On-time,11,0.96,1
C0752,58,Female,18767,15216,5716,On-time,22,0.81,0
C0753,66,Female,16308,2229,308,Late,13,0.14,0
C0754,31,Female,16477,3009,566,On-time,93,0.18,0
C0755,32,Female,17903,14209,6923,Late,59,0.79,1
C0756,48,Female,29770,15675,572,On-time,57,0.53,0
C0757,18,Male,13680,2077,943,Late,87,0.15,0
C0758,20,Male,7204,5715,2214,On-time,39,0.79,0
C0759,33,Male,26729,24229,10171,On-time,38,0.91,1
C0760,40,Male,24660,3867,1189,Late,17,0.16,0
C0761,28,Male,6102,5215,2259,On-time,21,0.85,0
C0762,29,Male,10243,4873,888,On-time,50,0.48,0
C0763,27,Male,11614,8635,4126,On-time,35,0.74,0
C0764,49,Female,21299,297,115,Late,59,0.01,0
C0765,33,Female,13707,13095,1143,Missed,11,0.96,1
C0766,25,Female,18913,9036,3930,On-time,64,0.48,0
C0767,55,Female,26607,1015,496,On-time,65,0.04,0
C0768,29,Male,29968,1384,465,Late,23,0.05,0
C0769,41,Male,5630,1397,581,On-time,15,0.25,0
C0770,45,Female,16908,8745,2538,Missed,90,0.52,1
C0771,25,Female,15847,2350,787,On-time,98,0.15,0
C0772,45,Male,14171,12708,6115,Missed,70,0.9,1
C0773,53,Female,17721,17653,6589,Late,21,1.0,1
C0774,43,Female,28067,1260,600,Late,22,0.04,0
C0775,25,Female,21661,7701,3778,On-time,28,0.36,0
C0776,67,Female,21616,20947,5726,On-time,53,0.97,1
C0777,45,Male,14744,6897,2492,On-time,98,0.47,0
C0778,45,Female,10690,10602,2423,On-time,68,0.99,1
C0779,54,Female,18401,10401,4040,On-time,46,0.57,0
C0780,58,Male,12659,5593,1164,On-time,34,0.44,0
C0781,53,Male,15601,11864,4895,Late,25,0.76,1
C0782,44,Female,16704,15681,1143,On-time,47,0.94,1
C0783,34,Male,5025,4683,1239,On-time,52,0.93,1
C0784,26,Female,20384,18265,2739,On-time,96,0.9,0
C0785,50,Female,18705,12488,4145,On-time,23,0.67,0
C0786,37,Male,28852,25097,1925,On-time,15,0.87,0
C0787,30,Female,27794,10079,3456,On-time,98,0.36,0
C0788,45,Female,13652,10744,1837,Late,32,0.79,1
C0789,65,Female,25148,3809,418,On-time,69,0.15,0
C0790,46,Female,27983,22191,3982,On-time,21,0.79,0
C0791,30,Male,18379,7206,1657,On-time,22,0.39,0
C0792,63,Male,26486,20539,8290,Late,15,0.78,1
C0793,52,Female,12006,4673,1125,On-time,72,0.39,0
C0794,23,Male,24867,13746,5458,Late,47,0.55,0
C0795,35,Female,23378,15995,3911,On-time,59,0.68,0
C0796,68,Female,13682,11671,5795,Late,61,0.85,1
C0797,22,Female,6072,5018,2230,On-time,49,0.83,0
C0798,64,Female,28091,17793,2883,On-time,17,0.63,0
C0799,42,Female,5215,1694,215,On-time,70,0.32,0
C0800,19,Male,28989,5197,1447,On-time,17,0.18,0
C0801,27,Female,14915,7452,2470,On-time,43,0.5,0
C0802,47,Male,14784,8718,3876,Late,88,0.59,0
C0803,67,Male,23990,14859,4624,On-time,69,0.62,0
C0804,62,Female,29734,27236,9073,Missed,66,0.92,1
C0805,22,Female,19824,2172,699,Late,55,0.11,0
C0806,50,Female,26165,13158,5760,On-time,31,0.5,0
C0807,18,Female,8313,279,91,Late,96,0.03,0
C0808,35,Female,16033,11156,2785,On-time,49,0.7,0
C0809,49,Male,14968,3977,1373,On-time,54,0.27,0
C0810,64,Female,21241,19053,8323,Missed,64,0.9,1
C0811,66,Female,29147,11085,136,On-time,60,0.38,0
C0812,28,Male,10939,7825,2322,On-time,95,0.72,0
C0813,38,Male,19696,3981,65,On-time,14,0.2,0
C0814,43,Female,19794,5247,871,On-time,22,0.27,0
C0815,42,Male,7295,2361,212,Missed,37,0.32,1
C0816,39,Female,27069,20811,7827,On-time,93,0.77,0
C0817,44,Male,6696,5269,2611,On-time,89,0.79,0
C0818,66,Male,16185,6135,2447,On-time,71,0.38,0
C0819,30,Female,23330,5573,1982,On-time,96,0.24,0
C0820,50,Male,17001,13731,2778,On-time,33,0.81,0
C0821,51,Male,19350,7189,3585,On-time,16,0.37,0
C0822,58,Male,24167,14541,5996,On-time,47,0.6,0
C0823,52,Male,8644,4535,1910,On-time,46,0.52,0
C0824,18,Male,26625,2776,1165,Missed,77,0.1,1
C0825,38,Male,11420,9311,2840,On-time,51,0.82,0
C0826,65,Female,28941,27564,2757,Late,95,0.95,1
C0827,23,Female,16837,7697,3310,Late,14,0.46,0
C0828,45,Male,24029,14629,6028,Late,73,0.61,0
C0829,34,Female,27973,8386,3983,Late,59,0.3,0
C0830,22,Female,11353,662,177,On-time,96,0.06,0
C0831,48,Female,15541,8671,1632,On-time,24,0.56,0
C0832,22,Male,6932,4218,614,On-time,82,0.61,0
C0833,55,Female,16486,9615,3308,On-time,62,0.58,0
C0834,20,Male,6757,5060,520,Late,34,0.75,1
C0835,40,Female,10085,5874,1037,On-time,98,0.58,0
C0836,54,Male,10637,5581,1984,Late,94,0.52,0
C0837,54,Male,6116,3814,273,On-time,18,0.62,0
C0838,27,Female,15759,2014,203,Missed,47,0.13,1
C0839,27,Female,16691,12997,400,On-time,31,0.78,0
C0840,36,Male,5492,2443,1220,On-time,96,0.44,0
C0841,34,Female,13811,9103,1978,On-time,58,0.66,0
C0842,38,Female,29272,13648,398,Late,77,0.47,0
C0843,31,Female,11474,7148,231,On-time,24,0.62,0
C0844,26,Male,19385,18748,4782,Missed,74,0.97,1
C0845,63,Male,14738,14022,1067,Missed,63,0.95,1
C0846,18,Female,26342,20013,2276,Late,39,0.76,1
C0847,68,Female,18979,5919,821,On-time,29,0.31,0
C0848,62,Female,16755,15886,7087,Late,42,0.95,1
C0849,30,Male,14797,5675,1065,Late,95,0.38,0
C0850,21,Male,19607,6638,2161,On-time,86,0.34,0
C0851,18,Female,17867,4651,78,On-time,16,0.26,0
C0852,66,Female,24127,609,165,On-time,17,0.03,0
C0853,57,Female,12866,7940,3644,On-time,37,0.62,0
C0854,49,Female,20449,10348,1943,On-time,54,0.51,0
C0855,51,Female,15685,3866,1515,Missed,82,0.25,1
C0856,45,Female,28544,16755,5372,On-time,98,0.59,0
C0857,48,Male,10451,6998,3090,On-time,89,0.67,0
C0858,25,Female,26642,16999,7768,Missed,83,0.64,1
C0859,56,Male,13548,6911,2832,On-time,20,0.51,0
C0860,43,Female,12186,6010,1175,Late,40,0.49,0
C0861,51,Female,11102,2253,1119,On-time,21,0.2,0
C0862,20,Male,5619,4942,115,On-time,87,0.88,0
C0863,67,Male,5882,4138,652,On-time,60,0.7,0
C0864,29,Male,8642,864,213,On-time,53,0.1,0
C0865,18,Male,6296,1268,160,On-time,59,0.2,0
C0866,61,Female,19122,7454,387,Late,26,0.39,0
C0867,22,Male,29820,13666,2220,On-time,44,0.46,0
C0868,47,Female,7895,784,242,Late,10,0.1,0
C0869,47,Male,27977,20955,8688,On-time,38,0.75,0
C0870,34,Female,22313,12370,2708,On-time,60,0.55,0
C0871,65,Female,10366,5229,330,On-time,73,0.5,0
C0872,64,Female,13711,2237,1116,On-time,13,0.16,0
C0873,40,Female,24596,4054,1559,Late,96,0.16,0
C0874,32,Female,23793,935,133,Missed,37,0.04,1
C0875,54,Female,13199,12172,2036,Late,25,0.92,1
C0876,38,Male,15717,6394,2800,On-time,72,0.41,0
C0877,31,Female,8423,7891,1124,On-time,85,0.94,1
C0878,19,Male,15211,10530,4019,On-time,62,0.69,0
C0879,28,Male,17782,15560,4355,Late,94,0.88,1
C0880,68,Female,28360,16156,4271,On-time,26,0.57,0
C0881,56,Male,28978,16709,3057,On-time,49,0.58,0
C0882,55,Female,26542,9726,1019,On-time,22,0.37,0
C0883,51,Male,17474,7774,630,On-time,61,0.44,0
C0884,55,Female,8667,3861,826,On-time,67,0.45,0
C0885,67,Male,27357,1985,307,On-time,46,0.07,0
C0886,51,Female,27620,14252,4051,Late,88,0.52,0
C0887,35,Female,13277,4932,1261,Missed,85,0.37,1
C0888,47,Female,17424,4603,279,On-time,70,0.26,0
C0889,32,Female,23852,19162,4334,On-time,88,0.8,0
C0890,44,Male,27601,15960,7632,On-time,43,0.58,0
C0891,68,Female,25003,9462,3235,Missed,79,0.38,1
C0892,51,Male,23020,14166,6869,Missed,26,0.62,1
C0893,69,Male,13155,12895,551,Missed,29,0.98,1
C0894,55,Male,8583,7754,2182,Late,82,0.9,1
C0895,50,Female,20515,14246,98,On-time,68,0.69,0
C0896,41,Male,9009,4078,1568,Late,78,0.45,0
C0897,32,Male,24710,12853,3105,On-time,96,0.52,0
C0898,47,Male,15410,1367,436,On-time,42,0.09,0
C0899,59,Female,29532,4042,1019,Late,87,0.14,0
C0900,68,Female,23601,16284,3510,On-time,26,0.69,0
C0901,34,Male,9967,2575,1055,On-time,66,0.26,0
C0902,22,Female,23753,6754,2315,On-time,92,0.28,0
C0903,46,Female,25022,17965,5870,On-time,10,0.72,0
C0904,21,Male,15695,1986,395,Late,22,0.13,0
C0905,27,Male,14135,2240,304,On-time,36,0.16,0
C0906,34,Female,10722,3966,285,On-time,79,0.37,0
C0907,27,Male,20514,15470,7243,On-time,68,0.75,0
C0908,34,Female,16128,8320,1657,On-time,15,0.52,0
C0909,37,Female,9444,5968,1839,On-time,32,0.63,0
C0910,41,Female,12618,12188,4416,On-time,19,0.97,1
C0911,22,Female,25331,7493,172,On-time,60,0.3,0
C0912,51,Female,23060,4103,705,Late,28,0.18,0
C0913,23,Female,6196,2076,306,Missed,60,0.34,1
C0914,19,Male,17297,2994,1494,On-time,96,0.17,0
C0915,30,Male,7787,3744,308,On-time,77,0.48,0
C0916,60,Female,28816,14466,997,On-time,93,0.5,0
C0917,60,Female,12927,10948,5008,Late,92,0.85,1
C0918,65,Female,24702,5594,574,On-time,51,0.23,0
C0919,28,Male,28073,7531,937,Late,66,0.27,0
C0920,68,Female,7176,6355,257,Late,77,0.89,1
C0921,64,Male,25127,18028,198,Missed,47,0.72,1
C0922,40,Female,13792,12563,487,Missed,71,0.91,1
C0923,33,Female,25806,3144,204,On-time,16,0.12,0
C0924,48,Male,25208,13990,3799,On-time,80,0.55,0
C0925,28,Male,14171,14083,3211,Missed,59,0.99,1
C0926,33,Female,7451,242,107,On-time,61,0.03,0
C0927,25,Female,5628,4085,1903,On-time,35,0.73,0
C0928,21,Female,14821,7954,407,On-time,35,0.54,0
C0929,57,Male,12778,7269,3295,On-time,28,0.57,0
C0930,21,Male,8696,7130,1290,Late,18,0.82,1
C0931,42,Male,25058,6828,1980,On-time,70,0.27,0
C0932,20,Male,25313,24746,4601,On-time,29,0.98,1
C0933,49,Male,24149,8844,2873,Missed,59,0.37,1
C0934,20,Male,25753,14220,5778,Late,89,0.55,0
C0935,44,Female,17972,6331,678,On-time,90,0.35,0
C0936,46,Female,13307,3512,1272,On-time,31,0.26,0
C0937,49,Male,9956,1499,535,On-time,22,0.15,0
C0938,67,Female,15195,10291,249,On-time,21,0.68,0
C0939,68,Female,22076,18542,2032,On-time,19,0.84,0
C0940,36,Male,24546,10164,1521,On-time,74,0.41,0
C0941,38,Female,6105,3925,297,Late,39,0.64,0
C0942,22,Male,24392,21546,2361,On-time,17,0.88,0
C0943,35,Male,23545,10450,3423,On-time,30,0.44,0
C0944,45,Female,20417,2035,80,On-time,31,0.1,0
C0945,59,Male,29729,11463,1571,On-time,27,0.39,0
C0946,39,Male,19188,7977,1322,Late,75,0.42,0
C0947,38,Male,25083,17241,654,On-time,57,0.69,0
C0948,23,Male,17602,12182,3898,On-time,53,0.69,0
C0949,18,Male,25170,298,64,On-time,18,0.01,0
C0950,22,Male,14256,7244,1739,Missed,76,0.51,1
C0951,58,Male,25584,923,443,On-time,63,0.04,0
C0952,29,Male,19212,13331,5966,On-time,35,0.69,0
C0953,43,Female,6913,6583,551,On-time,94,0.95,1
C0954,63,Female,26904,20690,7809,Late,35,0.77,1
C0955,51,Female,15593,2799,1157,On-time,43,0.18,0
C0956,66,Male,6772,5670,598,On-time,17,0.84,0
C0957,31,Male,24164,6578,1415,On-time,19,0.27,0
C0958,43,Female,17996,4875,888,On-time,57,0.27,0
C0959,62,Female,28807,21710,3865,Late,64,0.75,1
C0960,44,Female,7871,4062,1166,Late,63,0.52,0
C0961,26,Male,18234,18186,897,On-time,87,1.0,1
C0962,43,Female,22044,10905,4759,On-time,49,0.49,0
C0963,64,Female,27626,13353,4557,On-time,24,0.48,0
C0964,39,Male,15521,12698,4823,On-time,90,0.82,0
C0965,64,Female,15642,11045,4304,On-time,27,0.71,0
C0966,47,Male,6132,2657,63,On-time,32,0.43,0
C0967,60,Male,5699,4522,422,On-time,71,0.79,0
C0968,65,Male,19534,9663,2322,On-time,55,0.49,0
C0969,34,Female,28854,19333,5242,Missed,96,0.67,1
C0970,43,Female,15230,941,298,Late,48,0.06,0
C0971,53,Male,11297,1907,560,Missed,24,0.17,1
C0972,18,Female,17839,4837,652,On-time,62,0.27,0
C0973,25,Female,12812,8105,265,Missed,97,0.63,1
C0974,66,Female,9557,1243,590,On-time,73,0.13,0
C0975,52,Female,7179,5696,1890,On-time,72,0.79,0
C0976,69,Male,16030,13543,6108,Late,89,0.84,1
C0977,32,Female,14065,12615,3341,On-time,25,0.9,0
C0978,64,Male,13275,1466,270,On-time,79,0.11,0
C0979,39,Male,22806,20341,6747,On-time,75,0.89,0
C0980,31,Female,20089,18350,332,On-time,22,0.91,1
C0981,43,Male,8180,375,107,On-time,56,0.05,0
C0982,45,Female,25700,262,95,On-time,18,0.01,0
C0983,40,Female,11696,4362,1958,Late,72,0.37,0
C0984,31,Male,14583,6502,3020,On-time,43,0.45,0
C0985,41,Male,21998,11580,1202,On-time,90,0.53,0
C0986,19,Male,18869,10136,3547,On-time,38,0.54,0
C0987,62,Male,16757,7833,997,On-time,46,0.47,0
C0988,43,Female,25954,1893,714,Missed,52,0.07,1
C0989,31,Female,21654,8106,1767,On-time,95,0.37,0
C0990,68,Female,17258,11826,5294,On-time,73,0.69,0
C0991,24,Male,7468,1652,116,On-time,33,0.22,0
C0992,20,Male,19208,599,55,Late,80,0.03,0
C0993,64,Male,20042,18296,8878,Late,43,0.91,1
C0994,40,Female,20639,8792,363,On-time,57,0.43,0
C0995,63,Male,16546,3637,1399,On-time,21,0.22,0
C0996,60,Female,17327,10355,614,On-time,32,0.6,0
C0997,64,Male,19270,15989,1651,On-time,88,0.83,0
C0998,62,Female,20523,9290,875,On-time,22,0.45,0
C0999,35,Female,19300,5599,2603,Late,96,0.29,0
C1000,55,Male,24991,22832,3720,On-time,54,0.91,1
C1001,52,Male,15775,14342,1075,Late,74,0.91,1
C1002,68,Female,17265,13945,2301,On-time,56,0.81,0
C1003,32,Female,24459,10762,4807,On-time,67,0.44,0
C1004,42,Male,21673,14312,854,On-time,14,0.66,0
C1005,54,Male,29504,7382,2501,On-time,86,0.25,0
C1006,45,Female,11614,10668,4681,On-time,14,0.92,1
C1007,27,Male,8252,3569,1441,On-time,69,0.43,0
C1008,56,Female,12415,7707,1285,On-time,30,0.62,0
C1009,34,Female,28155,17130,6770,On-time,33,0.61,0
C1010,56,Male,21662,4633,1970,On-time,27,0.21,0
C1011,39,Male,16116,920,166,On-time,30,0.06,0
C1012,43,Male,21964,9269,3599,On-time,63,0.42,0
C1013,61,Male,9958,7008,154,On-time,19,0.7,0
C1014,42,Male,29829,15523,6688,On-time,33,0.52,0
C1015,34,Female,9276,2381,95,On-time,94,0.26,0
C1016,30,Female,29381,3618,872,Late,98,0.12,0
C1017,37,Male,9776,8989,1404,Late,69,0.92,1
C1018,42,Male,22208,20827,5385,On-time,66,0.94,1
C1019,21,Male,8832,272,135,On-time,32,0.03,0
C1020,27,Female,19901,13007,5105,On-time,31,0.65,0
C1021,20,Male,10445,1773,541,Late,77,0.17,0
C1022,58,Male,6380,2547,894,On-time,43,0.4,0
C1023,62,Female,14865,3164,498,On-time,79,0.21,0
C1024,35,Female,27918,21164,5627,Late,37,0.76,1
C1025,64,Male,18926,14414,3668,On-time,48,0.76,0
C1026,53,Male,24540,14327,1609,On-time,51,0.58,0
C1027,64,Male,16580,15576,6733,On-time,32,0.94,1
C1028,39,Female,25691,946,65,On-time,79,0.04,0
C1029,51,Male,10634,506,108,Late,89,0.05,0
C1030,64,Male,29959,15540,2050,Late,11,0.52,0
C1031,25,Male,10810,6719,2340,On-time,33,0.62,0
C1032,57,Female,29917,8435,1344,On-time,26,0.28,0
C1033,66,Female,27318,25081,4115,On-time,74,0.92,1
C1034,61,Male,15179,12709,5948,On-time,79,0.84,0
C1035,36,Male,17251,11350,2802,On-time,78,0.66,0
C1036,59,Female,18131,3590,164,On-time,69,0.2,0
C1037,58,Female,24493,10064,1653,On-time,59,0.41,0
C1038,54,Female,25466,17576,1372,On-time,21,0.69,0
C1039,23,Female,17707,390,118,On-time,56,0.02,0
C1040,69,Female,24624,21999,2491,On-time,76,0.89,0
C1041,43,Female,27412,12668,1148,On-time,74,0.46,0
C1042,51,Female,23233,11569,5123,On-time,36,0.5,0
C1043,62,Female,29881,13029,1555,On-time,57,0.44,0
C1044,23,Female,7749,6106,1176,On-time,97,0.79,0
C1045,54,Male,18156,13107,346,On-time,71,0.72,0
C1046,50,Male,28064,25248,11291,On-time,53,0.9,0
C1047,39,Male,21589,2560,227,On-time,28,0.12,0
C1048,38,Female,28736,5867,2412,On-time,68,0.2,0
C1049,23,Male,25975,15284,5208,On-time,17,0.59,0
C1050,23,Female,8450,1211,308,Late,64,0.14,0
C1051,65,Female,12214,9121,3837,On-time,56,0.75,0
C1052,21,Male,25195,1539,56,On-time,11,0.06,0
C1053,47,Female,16814,8693,2146,On-time,48,0.52,0
C1054,28,Male,10141,8921,3659,On-time,54,0.88,0
C1055,47,Male,29885,17667,2258,On-time,41,0.59,0
C1056,48,Male,7708,7680,1942,On-time,74,1.0,1
C1057,41,Female,23375,10310,225,On-time,47,0.44,0
C1058,26,Male,20088,12744,5146,On-time,86,0.63,0
C1059,20,Female,29847,4386,1968,On-time,20,0.15,0
C1060,68,Male,16834,12242,2552,On-time,19,0.73,0
C1061,48,Male,17278,14257,4049,Late,68,0.83,1
C1062,57,Male,15014,8947,1717,On-time,99,0.6,0
C1063,54,Female,8273,5930,325,Late,64,0.72,1
C1064,53,Female,19367,5402,2595,Late,29,0.28,0
C1065,41,Female,9538,5663,725,On-time,90,0.59,0
C1066,48,Male,17541,16017,1873,On-time,26,0.91,1
C1067,23,Male,13712,5275,1101,On-time,77,0.38,0
C1068,19,Female,14168,507,126,Late,14,0.04,0
C1069,37,Female,25106,1436,50,Late,69,0.06,0
C1070,45,Female,8551,7354,3309,On-time,32,0.86,0
C1071,28,Female,17297,11294,596,Late,55,0.65,0
C1072,21,Female,15965,14595,5281,On-time,61,0.91,1
C1073,32,Female,7832,4516,2133,On-time,19,0.58,0
C1074,23,Male,27063,13840,2090,Missed,55,0.51,1
C1075,66,Female,27963,20006,4584,Late,37,0.72,1
C1076,47,Male,18422,4399,1802,On-time,52,0.24,0
C1077,55,Male,5152,5037,1665,Late,35,0.98,1
C1078,68,Female,27138,24495,1899,Missed,64,0.9,1
C1079,19,Female,16156,15398,2692,Late,57,0.95,1
C1080,32,Male,16108,15848,1650,Late,38,0.98,1
C1081,28,Female,7800,3715,1398,Late,36,0.48,0
C1082,25,Female,10310,7837,1713,On-time,27,0.76,0
C1083,43,Male,14944,1301,356,Late,69,0.09,0
C1084,68,Male,7610,7370,3655,On-time,83,0.97,1
C1085,62,Male,17067,6411,668,Late,78,0.38,0
C1086,61,Female,6104,5923,1182,On-time,83,0.97,1
C1087,22,Male,15728,13841,5541,On-time,30,0.88,0
C1088,23,Female,28745,15449,6550,On-time,33,0.54,0
C1089,43,Male,25583,692,230,On-time,12,0.03,0
C1090,21,Male,25238,1478,405,On-time,71,0.06,0
C1091,36,Male,12263,6396,1749,Missed,11,0.52,1
C1092,37,Female,6914,256,117,Missed,75,0.04,1
C1093,50,Female,28749,10622,2389,On-time,51,0.37,0
C1094,37,Male,24456,16825,7683,Missed,43,0.69,1
C1095,66,Male,5406,1881,483,Late,51,0.35,0
C1096,29,Male,18689,2646,963,On-time,29,0.14,0
C1097,64,Female,5166,3820,1607,On-time,77,0.74,0
C1098,18,Male,5508,4677,2163,Missed,54,0.85,1
C1099,43,Female,23045,7211,1094,On-time,84,0.31,0
C1100,31,Male,8664,2645,433,Late,51,0.31,0
C1101,55,Male,24873,24594,8029,Late,56,0.99,1
C1102,54,Male,18050,9316,1632,Late,14,0.52,0
C1103,28,Male,5680,3985,88,On-time,98,0.7,0
C1104,53,Male,23908,10846,1358,On-time,58,0.45,0
C1105,30,Male,23504,7933,871,On-time,46,0.34,0
C1106,60,Female,26644,5476,651,On-time,43,0.21,0
C1107,20,Male,9357,7928,1670,On-time,82,0.85,0
C1108,50,Female,6363,2080,834,On-time,79,0.33,0
C1109,23,Male,14523,6089,1261,On-time,27,0.42,0
C1110,67,Male,7292,1547,720,Late,87,0.21,0
C1111,27,Female,6538,861,292,On-time,28,0.13,0
C1112,22,Male,8408,8346,150,On-time,87,0.99,1
C1113,40,Female,29126,19878,6707,On-time,49,0.68,0
C1114,27,Female,13752,904,293,On-time,26,0.07,0
C1115,61,Male,23287,17653,4321,On-time,69,0.76,0
C1116,19,Female,5174,404,191,Late,51,0.08,0
C1117,30,Female,7230,843,108,On-time,90,0.12,0
C1118,57,Male,9287,1184,148,Late,81,0.13,0
C1119,19,Female,25544,25322,4075,On-time,74,0.99,1
C1120,37,Male,17112,1725,544,Late,62,0.1,0
C1121,18,Male,12106,11380,2053,Late,16,0.94,1
C1122,54,Male,14689,8462,1587,Missed,14,0.58,1
C1123,26,Male,17046,13057,804,Late,33,0.77,1
C1124,34,Female,24555,22195,10500,Missed,37,0.9,1
C1125,26,Male,22951,5606,1196,Late,71,0.24,0
C1126,28,Male,6151,3956,1302,On-time,26,0.64,0
C1127,32,Female,12619,171,67,On-time,29,0.01,0
C1128,41,Male,11033,8465,590,On-time,12,0.77,0
C1129,55,Male,13560,2306,319,On-time,46,0.17,0
C1130,52,Female,9946,9350,3510,On-time,99,0.94,1
C1131,47,Female,29618,26282,11650,On-time,24,0.89,0
C1132,48,Female,6907,1771,555,Late,60,0.26,0
C1133,66,Female,8490,421,155,Missed,57,0.05,1
C1134,22,Female,23919,5540,2129,On-time,17,0.23,0
C1135,61,Female,9173,4675,1922,On-time,22,0.51,0
C1136,67,Female,16065,9082,411,Missed,57,0.57,1
C1137,31,Male,22677,13009,3770,On-time,12,0.57,0
C1138,28,Female,9769,6748,1506,Late,74,0.69,0
C1139,26,Female,9796,6103,978,On-time,82,0.62,0
C1140,51,Female,18046,17857,4117,On-time,40,0.99,1
C1141,29,Male,19211,18565,4245,On-time,35,0.97,1
C1142,52,Male,28255,26025,9923,Late,90,0.92,1
C1143,52,Female,24356,19480,9294,On-time,65,0.8,0
C1144,18,Female,25306,23030,7331,On-time,43,0.91,1
C1145,57,Female,9997,9782,2559,On-time,18,0.98,1
C1146,39,Male,28416,5882,970,On-time,71,0.21,0
C1147,46,Male,22376,22366,6583,Missed,22,1.0,1
C1148,25,Female,13112,12173,4777,Late,78,0.93,1
C1149,28,Male,10287,5798,731,On-time,50,0.56,0
C1150,58,Female,15578,9627,3982,On-time,86,0.62,0
C1151,54,Male,23624,8415,2179,On-time,10,0.36,0
C1152,31,Male,22860,12466,4899,Late,98,0.55,0
C1153,47,Female,11426,9846,4066,Late,56,0.86,1
C1154,52,Female,16599,12720,3352,On-time,13,0.77,0
C1155,38,Female,5389,264,129,Late,72,0.05,0
C1156,54,Female,5999,953,124,On-time,61,0.16,0
C1157,22,Male,17812,4524,1343,Missed,19,0.25,1
C1158,36,Male,20599,6559,1972,Missed,37,0.32,1
C1159,31,Male,6855,2774,675,Late,15,0.4,0
C1160,43,Female,13125,5673,111,Late,36,0.43,0
C1161,21,Male,18794,3124,923,On-time,21,0.17,0
C1162,42,Female,7763,479,113,Late,71,0.06,0
C1163,62,Male,25047,11706,2199,On-time,61,0.47,0
C1164,59,Female,9986,1353,478,On-time,57,0.14,0
C1165,42,Female,6481,3322,923,On-time,76,0.51,0
C1166,35,Male,28640,12070,5891,Late,55,0.42,0
C1167,57,Female,8731,3854,1003,On-time,83,0.44,0
C1168,25,Female,28646,8134,2352,On-time,24,0.28,0
C1169,56,Male,21835,924,69,On-time,80,0.04,0
C1170,57,Female,24477,18554,6763,On-time,45,0.76,0
C1171,31,Female,22266,5506,161,On-time,23,0.25,0
C1172,49,Female,25792,13650,3082,Late,87,0.53,0
C1173,68,Male,25452,2395,1047,Late,12,0.09,0
C1174,55,Male,15758,8220,510,On-time,76,0.52,0
C1175,50,Female,24661,15310,6901,Late,95,0.62,0
C1176,40,Male,21311,8226,936,Late,28,0.39,0
C1177,32,Female,13566,11781,3583,On-time,85,0.87,0
C1178,50,Female,16889,5515,1165,Late,63,0.33,0
C1179,42,Female,29335,19054,1125,Missed,78,0.65,1
C1180,34,Female,16254,3365,569,On-time,19,0.21,0
C1181,50,Female,26074,16972,7315,On-time,42,0.65,0
C1182,64,Male,16442,11410,1974,Missed,22,0.69,1
C1183,19,Female,18521,9095,976,On-time,60,0.49,0
C1184,31,Male,25979,23047,4702,On-time,41,0.89,0
C1185,57,Male,9559,4086,698,On-time,84,0.43,0
C1186,57,Female,21199,10361,2331,On-time,33,0.49,0
C1187,68,Female,12291,8531,1105,Late,44,0.69,0
C1188,56,Male,13160,4270,628,On-time,92,0.32,0
C1189,68,Male,5112,1714,591,On-time,79,0.34,0
C1190,23,Male,26515,16940,2211,On-time,49,0.64,0
C1191,23,Female,24581,24406,2301,On-time,63,0.99,1
C1192,20,Male,20924,11279,1102,On-time,53,0.54,0
C1193,24,Female,21523,5452,523,On-time,71,0.25,0
C1194,68,Female,6424,3266,746,Late,77,0.51,0
C1195,25,Female,24333,19951,6091,On-time,42,0.82,0
C1196,59,Male,24552,20283,4725,On-time,86,0.83,0
C1197,69,Female,15808,6477,1610,On-time,65,0.41,0
C1198,32,Female,11043,7500,1214,On-time,45,0.68,0
C1199,64,Female,11989,1016,280,On-time,63,0.08,0
C1200,46,Female,28620,6470,1373,On-time,28,0.23,0
C1201,50,Female,11261,2062,724,Late,52,0.18,0
C1202,69,Male,5887,838,360,On-time,21,0.14,0
C1203,47,Female,24488,20705,520,Late,20,0.85,1
C1204,56,Female,21433,19880,9658,On-time,79,0.93,1
C1205,44,Male,25335,1813,691,Missed,21,0.07,1
C1206,53,Female,24944,11671,1518,On-time,50,0.47,0
C1207,46,Male,21402,14308,858,Late,34,0.67,0
C1208,55,Female,26205,26027,8413,On-time,12,0.99,1
C1209,50,Male,27724,2313,625,On-time,12,0.08,0
C1210,54,Male,29442,9706,4176,On-time,93,0.33,0
C1211,44,Female,17253,9837,4192,Missed,37,0.57,1
C1212,50,Female,23990,5831,179,On-time,32,0.24,0
C1213,21,Female,12846,2999,401,On-time,57,0.23,0
C1214,39,Male,11432,3440,1027,Late,76,0.3,0
C1215,19,Male,18452,4056,1918,On-time,51,0.22,0
C1216,27,Male,18395,305,118,Late,97,0.02,0
C1217,22,Female,8765,1689,107,On-time,49,0.19,0
C1218,27,Male,23822,3917,1179,Late,15,0.16,0
C1219,50,Male,20950,2936,861,On-time,29,0.14,0
C1220,55,Female,17502,3862,1403,On-time,20,0.22,0
C1221,30,Male,14741,14506,817,On-time,36,0.98,1
C1222,48,Male,27742,14318,3945,Late,30,0.52,0
C1223,64,Female,29703,15300,732,On-time,22,0.52,0
C1224,53,Male,10941,9642,3504,On-time,95,0.88,0
C1225,62,Female,29028,27672,10250,Missed,44,0.95,1
C1226,41,Female,9855,5649,2383,On-time,56,0.57,0
C1227,69,Female,27931,19645,1840,Late,95,0.7,0
C1228,32,Female,28580,25740,9719,Missed,37,0.9,1
C1229,46,Female,27295,26445,935,Late,30,0.97,1
C1230,25,Male,27865,18203,7784,Late,27,0.65,0
C1231,22,Male,20166,15674,3956,On-time,40,0.78,0
C1232,46,Female,24145,17726,4542,On-time,69,0.73,0
C1233,64,Female,25840,5560,1588,Late,46,0.22,0
C1234,21,Male,27745,15451,2123,On-time,30,0.56,0
C1235,29,Female,27077,18610,362,On-time,23,0.69,0
C1236,62,Female,10788,1079,175,Late,98,0.1,0
C1237,19,Female,5201,4206,1638,On-time,69,0.81,0
C1238,44,Male,27544,22664,5367,Missed,32,0.82,1
C1239,48,Male,15561,14567,860,Late,38,0.94,1
C1240,68,Female,21901,15327,2285,Late,56,0.7,0
C1241,68,Female,12737,10971,2907,Late,39,0.86,1
C1242,53,Male,6988,2528,765,Late,99,0.36,0
C1243,53,Male,20441,7235,2082,Late,93,0.35,0
C1244,43,Female,16737,2031,533,On-time,47,0.12,0
C1245,60,Female,19256,8514,2620,On-time,92,0.44,0
C1246,44,Male,25186,9095,1944,Late,36,0.36,0
C1247,22,Male,27192,26117,7179,Late,98,0.96,1
C1248,37,Male,12162,5911,2755,On-time,96,0.49,0
C1249,28,Female,18065,11695,646,On-time,24,0.65,0
C1250,27,Male,27625,19037,2197,On-time,68,0.69,0
C1251,57,Female,19114,3340,665,On-time,12,0.17,0
C1252,55,Male,13399,7876,997,Missed,19,0.59,1
C1253,23,Male,10633,1141,327,Missed,88,0.11,1
C1254,25,Male,10755,9041,3814,On-time,89,0.84,0
C1255,40,Male,15825,8558,2063,On-time,26,0.54,0
C1256,64,Female,27693,19281,3747,On-time,92,0.7,0
C1257,43,Female,9117,4041,540,Late,20,0.44,0
C1258,63,Male,29729,2038,304,On-time,57,0.07,0
C1259,60,Female,6518,2860,430,On-time,14,0.44,0
C1260,29,Male,27547,4270,941,On-time,78,0.16,0
C1261,43,Male,21346,10046,591,On-time,73,0.47,0
C1262,30,Male,7600,4683,1337,On-time,23,0.62,0
C1263,57,Male,18237,16878,4970,On-time,59,0.93,1
C1264,35,Female,23579,7116,2976,On-time,35,0.3,0
C1265,42,Male,8554,1784,378,On-time,81,0.21,0
C1266,50,Male,21193,19894,7332,On-time,78,0.94,1
C1267,64,Female,24233,3786,1349,Late,16,0.16,0
C1268,57,Male,20253,9190,4426,Late,25,0.45,0
C1269,60,Male,21194,5428,1348,Late,64,0.26,0
C1270,29,Male,6742,6681,822,Missed,87,0.99,1
C1271,61,Female,6306,5133,377,On-time,65,0.81,0
C1272,53,Male,8849,4658,2308,On-time,13,0.53,0
C1273,65,Female,17360,11126,5068,On-time,57,0.64,0
C1274,21,Male,17768,6869,601,Late,26,0.39,0
C1275,22,Male,28903,28310,8209,Missed,45,0.98,1
C1276,54,Female,18032,7669,2123,On-time,79,0.43,0
C1277,25,Male,9195,6219,2124,On-time,89,0.68,0
C1278,59,Male,26562,20918,751,On-time,47,0.79,0
C1279,66,Female,23939,22363,10161,Late,71,0.93,1
C1280,45,Female,23689,10171,2510,On-time,57,0.43,0
C1281,48,Female,12619,8890,4312,On-time,19,0.7,0
C1282,26,Female,14280,1312,218,On-time,45,0.09,0
C1283,68,Female,7642,2962,278,On-time,38,0.39,0
C1284,46,Male,14369,13851,6148,Late,87,0.96,1
C1285,31,Female,19296,12979,416,On-time,13,0.67,0
C1286,57,Male,27793,26876,8769,Late,53,0.97,1
C1287,58,Male,20438,19581,4936,On-time,65,0.96,1
C1288,39,Male,20674,5296,573,Late,51,0.26,0
C1289,28,Female,9757,7204,1145,Late,22,0.74,1
C1290,40,Female,7994,6553,1718,On-time,55,0.82,0
C1291,18,Male,20226,5730,2203,On-time,91,0.28,0
C1292,63,Female,6271,5729,2829,Late,42,0.91,1
C1293,54,Female,6813,126,54,On-time,30,0.02,0
C1294,38,Female,23845,5602,1355,Late,89,0.23,0
C1295,43,Female,25504,17575,3072,Late,88,0.69,0
C1296,63,Male,27508,19023,5788,Late,66,0.69,0
C1297,53,Male,13475,12581,6034,On-time,78,0.93,1
C1298,40,Female,9396,1366,67,On-time,79,0.15,0
C1299,18,Male,14283,9211,1827,On-time,76,0.64,0
C1300,68,Female,18318,14997,4262,On-time,57,0.82,0
C1301,57,Female,22200,6671,847,Late,85,0.3,0
C1302,32,Male,28688,23067,3265,Late,42,0.8,1
C1303,38,Male,28715,12271,3838,On-time,45,0.43,0
C1304,64,Male,5082,4514,1761,Late,42,0.89,1
C1305,26,Female,6920,4539,802,On-time,40,0.66,0
C1306,26,Male,12817,8876,2519,On-time,30,0.69,0
C1307,27,Female,16683,2887,1442,Missed,36,0.17,1
C1308,69,Male,16336,14571,6839,Missed,81,0.89,1
C1309,43,Male,20596,9654,2655,On-time,71,0.47,0
C1310,58,Female,7093,4086,99,Missed,35,0.58,1
C1311,52,Female,17905,4180,727,On-time,75,0.23,0
C1312,69,Female,28455,2841,155,On-time,21,0.1,0
C1313,42,Female,29351,26343,11529,On-time,31,0.9,0
C1314,43,Female,13367,12372,4803,Missed,26,0.93,1
C1315,28,Female,10285,6040,1996,On-time,16,0.59,0
C1316,55,Female,15896,3560,1498,On-time,77,0.22,0
C1317,19,Female,9937,4758,1145,On-time,46,0.48,0
C1318,24,Male,21753,17010,7035,Late,47,0.78,1
C1319,35,Female,23202,16234,5954,On-time,20,0.7,0
C1320,44,Female,23485,5014,1832,On-time,10,0.21,0
C1321,51,Male,17977,1375,495,On-time,34,0.08,0
C1322,44,Female,24874,1181,235,On-time,51,0.05,0
C1323,34,Male,23163,22092,6263,Late,61,0.95,1
C1324,60,Male,12674,490,199,On-time,33,0.04,0
C1325,61,Female,22748,3729,1319,Late,62,0.16,0
C1326,68,Male,28678,5974,823,On-time,65,0.21,0
C1327,41,Female,8676,3534,1611,Late,72,0.41,0
C1328,42,Male,7426,3296,1172,On-time,90,0.44,0
C1329,24,Male,29648,18324,4031,On-time,17,0.62,0
C1330,69,Male,29473,28984,9543,On-time,68,0.98,1
C1331,23,Female,7962,6758,1636,Late,54,0.85,1
C1332,41,Female,5859,5014,1736,Late,36,0.86,1
C1333,50,Male,17048,1882,504,On-time,61,0.11,0
C1334,66,Male,9138,4908,1177,Late,27,0.54,0
C1335,46,Female,7424,2987,995,On-time,95,0.4,0
C1336,60,Female,15409,5585,650,On-time,25,0.36,0
C1337,39,Male,9017,3159,702,On-time,75,0.35,0
C1338,43,Male,15451,13614,4870,On-time,14,0.88,0
C1339,45,Female,15278,12967,6426,Late,91,0.85,1
C1340,67,Female,29944,4530,1467,On-time,12,0.15,0
C1341,38,Female,15996,681,232,On-time,90,0.04,0
C1342,66,Female,29726,21638,300,On-time,89,0.73,0
C1343,24,Female,6134,1073,58,On-time,79,0.17,0
C1344,34,Male,26550,13743,128,On-time,16,0.52,0
C1345,37,Female,10119,2387,1125,On-time,59,0.24,0
C1346,58,Male,10694,10586,947,On-time,23,0.99,1
C1347,66,Female,27520,2693,970,On-time,47,0.1,0
C1348,37,Male,26869,9562,275,On-time,88,0.36,0
C1349,39,Female,9164,4340,1124,On-time,56,0.47,0
C1350,45,Female,23730,2156,852,On-time,42,0.09,0
C1351,57,Male,10039,7966,791,On-time,52,0.79,0
C1352,66,Male,26281,2580,180,On-time,38,0.1,0
C1353,24,Female,19631,7257,3120,On-time,66,0.37,0
C1354,18,Female,15442,12583,2729,On-time,14,0.81,0
C1355,49,Female,13252,2159,887,On-time,69,0.16,0
C1356,30,Female,26425,16172,2856,On-time,79,0.61,0
C1357,47,Female,25285,13900,753,On-time,11,0.55,0
C1358,40,Male,22721,11440,2594,On-time,79,0.5,0
C1359,68,Male,22568,14678,5572,Missed,52,0.65,1
C1360,36,Female,25810,14436,2420,On-time,13,0.56,0
C1361,49,Male,6551,3829,1283,On-time,65,0.58,0
C1362,47,Male,17625,6772,664,Late,68,0.38,0
C1363,46,Male,6629,1627,378,On-time,98,0.25,0
C1364,66,Female,22910,11664,5541,Late,18,0.51,0
C1365,62,Male,6361,27,50,On-time,12,0.0,0
C1366,46,Female,9370,7080,1533,Missed,99,0.76,1
C1367,47,Male,10283,1985,182,On-time,57,0.19,0
C1368,33,Female,12610,12345,4980,On-time,52,0.98,1
C1369,57,Male,15558,9713,170,Late,10,0.62,0
C1370,36,Female,19924,8488,1014,On-time,66,0.43,0
C1371,35,Female,19839,2181,178,On-time,62,0.11,0
C1372,18,Male,16949,11594,3725,Late,25,0.68,0
C1373,31,Female,15626,2296,78,On-time,60,0.15,0
C1374,68,Female,6993,2597,771,On-time,84,0.37,0
C1375,64,Female,5869,901,61,On-time,99,0.15,0
C1376,67,Female,6014,1098,382,On-time,64,0.18,0
C1377,19,Female,15103,1677,346,Late,10,0.11,0
C1378,45,Female,21986,2881,1203,Missed,99,0.13,1
C1379,66,Female,17013,13058,1366,On-time,37,0.77,0
C1380,67,Female,5690,5622,1246,On-time,62,0.99,1
C1381,47,Male,21873,1378,73,On-time,67,0.06,0
C1382,55,Male,28248,17632,3220,On-time,82,0.62,0
C1383,68,Female,28624,28311,9671,Missed,69,0.99,1
C1384,21,Female,15748,5650,405,On-time,68,0.36,0
C1385,18,Male,29170,12433,4284,On-time,31,0.43,0
C1386,25,Male,13024,6079,1576,Late,17,0.47,0
C1387,46,Male,21678,9456,3947,Late,58,0.44,0
C1388,56,Female,10488,10099,78,On-time,51,0.96,1
C1389,20,Male,25411,7036,980,On-time,36,0.28,0
C1390,49,Female,16035,6487,2593,On-time,48,0.4,0
C1391,27,Female,24296,17442,1063,Missed,92,0.72,1
C1392,27,Male,26128,18432,9069,On-time,34,0.71,0
C1393,36,Female,23257,22499,2074,On-time,47,0.97,1
C1394,63,Female,17855,4248,348,On-time,94,0.24,0
C1395,51,Female,24642,18860,5889,On-time,33,0.77,0
C1396,50,Female,7817,4016,1915,On-time,33,0.51,0
C1397,40,Male,25025,4603,1265,Missed,69,0.18,1
C1398,45,Male,9458,3553,1745,Late,92,0.38,0
C1399,49,Female,10307,9953,2161,Missed,59,0.97,1
C1400,67,Female,13933,220,100,On-time,75,0.02,0
C1401,24,Male,23425,14226,819,Late,23,0.61,0
C1402,46,Female,22063,4818,1288,Late,62,0.22,0
C1403,25,Male,15659,7192,883,On-time,41,0.46,0
C1404,18,Female,10738,4623,2263,On-time,57,0.43,0
C1405,20,Female,10668,7349,3664,On-time,48,0.69,0
C1406,41,Male,19427,5618,1956,Late,49,0.29,0
C1407,40,Male,12697,11080,1614,On-time,51,0.87,0
C1408,25,Male,29417,9856,1268,Missed,86,0.34,1
C1409,64,Male,21446,4576,555,On-time,85,0.21,0
C1410,54,Female,12829,11169,1407,Late,17,0.87,1
C1411,20,Male,15751,1871,817,On-time,88,0.12,0
C1412,68,Female,18450,15207,6986,Late,35,0.82,1
C1413,50,Male,12352,1462,353,On-time,21,0.12,0
C1414,45,Male,18516,15905,7026,Missed,52,0.86,1
C1415,64,Female,28299,24920,1510,On-time,60,0.88,0
C1416,25,Male,13326,8236,3444,On-time,91,0.62,0
C1417,51,Male,8644,7813,3623,On-time,72,0.9,0
C1418,52,Male,26354,2068,907,On-time,58,0.08,0
C1419,49,Male,13003,5753,1466,On-time,36,0.44,0
C1420,41,Female,8278,7237,2903,On-time,18,0.87,0
C1421,31,Female,12296,7016,1222,Late,48,0.57,0
C1422,49,Male,8074,6191,810,On-time,74,0.77,0
C1423,63,Male,18261,17898,1478,On-time,80,0.98,1
C1424,60,Male,16173,2598,332,On-time,99,0.16,0
C1425,33,Female,13312,1001,411,On-time,80,0.08,0
C1426,21,Female,28936,17417,4524,Missed,16,0.6,1
C1427,69,Female,6637,2040,247,On-time,81,0.31,0
C1428,54,Female,18652,4476,605,Missed,89,0.24,1
C1429,38,Male,10103,478,149,On-time,76,0.05,0
C1430,31,Male,22028,515,77,On-time,19,0.02,0
C1431,48,Male,7032,4286,1090,Late,80,0.61,0
C1432,65,Female,7761,1191,428,On-time,94,0.15,0
C1433,35,Male,20195,10860,4825,On-time,62,0.54,0
C1434,24,Female,23452,13448,2603,On-time,96,0.57,0
C1435,27,Female,21625,6297,1829,Late,66,0.29,0
C1436,24,Male,7668,1411,125,On-time,95,0.18,0
C1437,50,Male,19638,16655,4376,On-time,36,0.85,0
C1438,40,Male,20954,8334,3369,On-time,63,0.4,0
C1439,38,Female,22186,6008,2399,On-time,13,0.27,0
C1440,36,Female,26443,7987,2823,Missed,97,0.3,1
C1441,65,Male,17356,3332,264,On-time,32,0.19,0
C1442,36,Male,5195,787,207,On-time,57,0.15,0
C1443,53,Female,7187,6222,2166,Late,92,0.87,1
C1444,46,Male,16707,9873,442,On-time,51,0.59,0
C1445,35,Female,7330,622,134,On-time,12,0.08,0
C1446,19,Female,26225,20225,4412,On-time,12,0.77,0
C1447,18,Male,8606,3676,1142,On-time,37,0.43,0
C1448,64,Male,29852,2572,660,On-time,72,0.09,0
C1449,22,Male,5060,5033,1420,On-time,90,0.99,1
C1450,37,Male,19387,7788,1058,On-time,40,0.4,0
C1451,28,Female,8927,5214,1011,On-time,19,0.58,0
C1452,59,Female,11296,4712,722,On-time,58,0.42,0
C1453,19,Female,18622,66,50,On-time,95,0.0,0
C1454,20,Male,19125,15855,6616,On-time,30,0.83,0
C1455,40,Female,7591,4286,1750,Missed,62,0.56,1
C1456,29,Male,17127,7533,2212,On-time,96,0.44,0
C1457,37,Male,20748,15103,6413,Late,85,0.73,1
C1458,22,Male,11121,4616,80,On-time,98,0.42,0
C1459,54,Male,6200,5085,1416,Late,63,0.82,1
C1460,55,Male,20721,17524,1450,Missed,66,0.85,1
C1461,47,Male,24238,5730,1203,On-time,29,0.24,0
C1462,26,Female,16087,10724,4121,On-time,58,0.67,0
C1463,51,Male,28408,11772,666,On-time,16,0.41,0
C1464,61,Female,11972,7465,588,On-time,38,0.62,0
C1465,52,Female,5136,1187,51,On-time,57,0.23,0
C1466,69,Male,22413,20855,920,Late,22,0.93,1
C1467,39,Male,20346,12940,4246,On-time,12,0.64,0
C1468,61,Male,23978,19723,9654,On-time,11,0.82,0
C1469,41,Female,28590,16932,2789,On-time,25,0.59,0
C1470,34,Male,5661,5193,990,On-time,15,0.92,1
C1471,27,Female,7472,4087,390,Missed,54,0.55,1
C1472,47,Male,5086,72,50,Late,80,0.01,0
C1473,63,Male,15704,14643,2958,On-time,14,0.93,1
C1474,40,Female,11219,198,69,On-time,65,0.02,0
C1475,49,Female,29527,27777,7472,On-time,80,0.94,1
C1476,34,Male,21322,16955,4183,Late,41,0.8,1
C1477,67,Female,19749,17174,709,On-time,58,0.87,0
C1478,68,Female,11968,9830,2083,On-time,22,0.82,0
C1479,34,Female,24157,13798,1610,Late,39,0.57,0
C1480,31,Female,18596,17558,3507,On-time,34,0.94,1
C1481,26,Female,6700,3740,1706,Late,94,0.56,0
C1482,57,Male,7700,3277,977,On-time,69,0.43,0
C1483,19,Male,28199,178,75,Missed,68,0.01,1
C1484,62,Female,16821,798,218,On-time,94,0.05,0
C1485,42,Male,23031,7601,1396,On-time,37,0.33,0
C1486,56,Male,27422,25363,11026,On-time,67,0.92,1
C1487,26,Female,26548,2795,868,Late,29,0.11,0
C1488,39,Male,10520,4588,822,On-time,43,0.44,0
C1489,60,Female,16510,7297,62,On-time,14,0.44,0
C1490,63,Female,8687,3084,964,On-time,91,0.36,0
C1491,21,Male,21980,11110,4029,On-time,69,0.51,0
C1492,43,Female,25929,731,97,On-time,52,0.03,0
C1493,46,Female,13837,1129,420,Late,66,0.08,0
C1494,62,Female,19955,1605,340,On-time,66,0.08,0
C1495,51,Female,16281,11970,3727,On-time,84,0.74,0
C1496,40,Female,18917,10937,2067,On-time,63,0.58,0
C1497,54,Male,9757,2933,1278,On-time,90,0.3,0
C1498,28,Male,18045,15187,4842,On-time,54,0.84,0
C1499,23,Female,25768,24900,6880,On-time,95,0.97,1
C1500,35,Female,13912,5074,999,On-time,46,0.36,0
C1501,38,Male,9733,7099,2484,On-time,93,0.73,0
C1502,59,Female,12081,1490,517,Missed,57,0.12,1
C1503,53,Male,13690,893,118,On-time,63,0.07,0
C1504,58,Female,28501,1390,521,On-time,57,0.05,0
C1505,55,Female,26113,19773,1831,Late,15,0.76,1
C1506,51,Female,6673,4239,2019,Late,43,0.64,0
C1507,34,Female,19318,18647,261,On-time,72,0.97,1
C1508,54,Female,29690,3432,557,On-time,87,0.12,0
C1509,42,Female,16171,2371,65,Late,57,0.15,0
C1510,55,Female,18545,1515,547,On-time,32,0.08,0
C1511,29,Male,16803,15906,7077,On-time,93,0.95,1
C1512,40,Male,28562,6326,381,On-time,22,0.22,0
C1513,59,Male,7294,6413,2814,On-time,56,0.88,0
C1514,39,Female,8630,7088,600,On-time,53,0.82,0
C1515,38,Female,20093,5586,1674,Late,41,0.28,0
C1516,44,Female,21530,2917,991,On-time,35,0.14,0
C1517,48,Female,19453,15901,6449,On-time,62,0.82,0
C1518,23,Female,17174,3793,1041,On-time,23,0.22,0
C1519,44,Female,8453,6738,777,On-time,61,0.8,0
C1520,57,Female,9507,1577,221,Late,45,0.17,0
C1521,51,Male,27167,9488,698,On-time,17,0.35,0
C1522,29,Female,29135,28350,5145,Missed,49,0.97,1
C1523,62,Male,15602,2220,520,On-time,95,0.14,0
C1524,24,Male,10628,9164,2787,On-time,31,0.86,0
C1525,27,Female,13328,1030,126,Late,25,0.08,0
C1526,62,Female,20534,15881,2797,On-time,69,0.77,0
C1527,34,Male,24744,10785,1059,On-time,69,0.44,0
C1528,43,Male,24389,6691,1600,Late,19,0.27,0
C1529,38,Female,8552,3992,853,On-time,34,0.47,0
C1530,45,Female,21402,17297,7542,Late,40,0.81,1
C1531,63,Male,7242,6358,263,Missed,30,0.88,1
C1532,19,Female,19665,18565,3451,On-time,90,0.94,1
C1533,60,Female,27702,19581,7497,On-time,42,0.71,0
C1534,18,Female,10097,6040,1027,On-time,40,0.6,0
C1535,68,Male,13640,1462,354,On-time,99,0.11,0
C1536,53,Male,6948,5968,195,Late,30,0.86,1
C1537,68,Male,10618,10570,4661,Late,45,1.0,1
C1538,43,Female,9236,7037,3211,On-time,74,0.76,0
C1539,46,Female,28285,28129,12790,On-time,13,0.99,1
C1540,38,Male,6920,1307,109,On-time,77,0.19,0
C1541,28,Male,16169,4994,577,On-time,99,0.31,0
C1542,57,Male,9188,5308,1073,Late,13,0.58,0
C1543,28,Female,17207,6221,2571,On-time,18,0.36,0
C1544,53,Male,5238,687,78,Late,39,0.13,0
C1545,66,Male,5204,4661,1152,On-time,54,0.9,0
C1546,56,Female,15799,9399,482,Late,13,0.59,0
C1547,57,Female,10552,1894,850,On-time,78,0.18,0
C1548,52,Female,9927,7389,1226,On-time,32,0.74,0
C1549,51,Male,16164,4922,450,On-time,25,0.3,0
C1550,64,Female,9390,6322,2154,Late,31,0.67,0
C1551,41,Female,24071,10003,3100,On-time,81,0.42,0
C1552,39,Male,26335,19567,2283,On-time,57,0.74,0
C1553,22,Female,20641,20181,4750,On-time,71,0.98,1
C1554,50,Male,11160,5178,2255,On-time,69,0.46,0
C1555,53,Male,26772,15240,5956,On-time,89,0.57,0
C1556,64,Female,20810,3968,1766,Missed,14,0.19,1
C1557,37,Female,10126,2716,638,On-time,89,0.27,0
C1558,36,Female,5816,190,67,On-time,16,0.03,0
C1559,52,Female,18414,13511,6639,On-time,60,0.73,0
C1560,69,Female,5192,1335,537,On-time,74,0.26,0
C1561,60,Female,23160,8181,1603,On-time,18,0.35,0
C1562,34,Male,8645,378,122,On-time,91,0.04,0
C1563,62,Male,17816,6380,978,On-time,54,0.36,0
C1564,60,Female,11314,615,238,On-time,56,0.05,0
C1565,51,Male,29826,18714,9236,Late,76,0.63,0
C1566,26,Female,23172,18138,7849,On-time,33,0.78,0
C1567,43,Male,12374,463,150,Missed,19,0.04,1
C1568,19,Male,8700,4267,645,On-time,82,0.49,0
C1569,26,Male,15655,3158,970,On-time,86,0.2,0
C1570,26,Female,20129,20008,7925,On-time,57,0.99,1
C1571,57,Male,14359,13434,891,On-time,44,0.94,1
C1572,34,Female,8893,4938,1275,Missed,63,0.56,1
C1573,18,Male,11811,5417,393,Late,96,0.46,0
C1574,42,Male,14288,6004,1926,On-time,90,0.42,0
C1575,60,Male,24063,8881,908,On-time,80,0.37,0
C1576,57,Male,25288,5603,1473,On-time,25,0.22,0
C1577,59,Male,28644,2212,494,On-time,62,0.08,0
C1578,42,Female,5504,382,176,On-time,49,0.07,0
C1579,56,Female,14813,2256,641,Missed,29,0.15,1
C1580,52,Male,19671,11695,1080,Missed,97,0.59,1
C1581,20,Male,15738,1412,321,Missed,78,0.09,1
C1582,67,Male,16186,9775,2113,Late,54,0.6,0
C1583,54,Male,11773,6146,1497,On-time,15,0.52,0
C1584,61,Female,8816,371,61,On-time,78,0.04,0
C1585,61,Male,5717,5565,2118,On-time,58,0.97,1
C1586,68,Female,16676,8802,3811,On-time,48,0.53,0
C1587,47,Male,9434,8307,2325,On-time,11,0.88,0
C1588,55,Female,22042,7437,3105,Late,48,0.34,0
C1589,51,Male,10057,446,66,Late,30,0.04,0
C1590,29,Male,25392,1391,337,Missed,49,0.05,1
C1591,36,Female,9994,1340,183,Late,91,0.13,0
C1592,54,Male,9234,2939,1356,Missed,63,0.32,1
C1593,61,Male,8764,5969,2501,On-time,21,0.68,0
C1594,66,Male,16181,9265,1139,Late,90,0.57,0
C1595,34,Female,9637,4813,1722,On-time,46,0.5,0
C1596,27,Male,7104,3569,1677,On-time,47,0.5,0
C1597,66,Male,14447,5454,486,Missed,24,0.38,1
C1598,64,Female,28185,3150,878,Late,16,0.11,0
C1599,29,Female,15674,9797,4404,On-time,87,0.63,0
C1600,33,Female,29959,15386,2053,On-time,59,0.51,0
C1601,41,Male,23991,6414,2039,On-time,74,0.27,0
C1602,36,Male,13385,4657,152,On-time,76,0.35,0
C1603,25,Male,16999,10486,5138,Missed,53,0.62,1
C1604,48,Female,8719,7943,3688,On-time,40,0.91,1
C1605,38,Male,7581,3662,818,On-time,52,0.48,0
C1606,34,Male,23949,20866,9366,On-time,86,0.87,0
C1607,40,Female,7763,4797,1271,On-time,57,0.62,0
C1608,54,Female,27712,14894,2910,On-time,91,0.54,0
C1609,33,Female,10991,5068,2323,Missed,90,0.46,1
C1610,23,Female,15531,5480,2560,On-time,90,0.35,0
C1611,25,Female,24790,8033,286,On-time,70,0.32,0
C1612,42,Male,16064,983,75,On-time,84,0.06,0
C1613,35,Female,16312,5607,1194,On-time,93,0.34,0
C1614,42,Male,9780,8543,3303,Late,19,0.87,1
C1615,29,Male,9177,1907,760,On-time,38,0.21,0
C1616,32,Female,20169,9216,816,Late,57,0.46,0
C1617,43,Female,11476,8737,2731,On-time,90,0.76,0
C1618,58,Female,23988,13757,5136,On-time,71,0.57,0
C1619,62,Male,29565,4174,1870,On-time,22,0.14,0
C1620,43,Female,7382,5355,1809,On-time,53,0.73,0
C1621,64,Female,21915,15708,6466,Late,56,0.72,1
C1622,49,Female,27463,23649,11733,On-time,73,0.86,0
C1623,27,Female,17508,9297,2865,On-time,62,0.53,0
C1624,33,Female,5634,2549,545,On-time,99,0.45,0
C1625,24,Male,16996,1990,73,On-time,86,0.12,0
C1626,34,Male,19162,5596,1776,Missed,85,0.29,1
C1627,40,Male,21386,16374,6695,On-time,53,0.77,0
C1628,43,Female,19005,3775,74,On-time,37,0.2,0
C1629,38,Female,13397,11004,387,Missed,11,0.82,1
C1630,39,Female,27335,25496,3999,On-time,66,0.93,1
C1631,24,Male,17327,15706,6083,On-time,66,0.91,1
C1632,31,Female,19394,14645,3158,On-time,43,0.76,0
C1633,32,Female,27010,13668,1867,Late,96,0.51,0
C1634,24,Female,29123,15960,186,Late,67,0.55,0
C1635,26,Male,27387,11357,2605,On-time,61,0.41,0
C1636,68,Female,7890,7260,2324,On-time,38,0.92,1
C1637,65,Male,15858,4435,369,Missed,44,0.28,1
C1638,25,Female,27623,19028,6009,On-time,84,0.69,0
C1639,67,Male,13026,1045,453,On-time,57,0.08,0
C1640,40,Male,8306,7951,1255,On-time,42,0.96,1
C1641,46,Male,5897,2681,135,Late,84,0.45,0
C1642,35,Female,14277,3199,1540,On-time,82,0.22,0
C1643,48,Female,14471,6768,975,On-time,87,0.47,0
C1644,47,Male,19896,9130,2150,On-time,18,0.46,0
C1645,69,Male,20240,8633,2957,On-time,57,0.43,0
C1646,56,Female,19683,18934,2964,Late,76,0.96,1
C1647,52,Female,5670,4225,1308,On-time,92,0.75,0
C1648,35,Male,28675,16980,3920,On-time,45,0.59,0
C1649,59,Female,22889,6054,482,On-time,80,0.26,0
C1650,56,Female,27844,1505,545,On-time,53,0.05,0
C1651,34,Female,16767,9053,1048,Late,91,0.54,0
C1652,31,Female,18006,15749,2197,On-time,69,0.87,0
C1653,48,Male,26551,10832,5135,Late,72,0.41,0
C1654,41,Female,20768,16344,4744,On-time,14,0.79,0
C1655,52,Female,26639,22852,6596,On-time,96,0.86,0
C1656,61,Male,21633,14783,445,On-time,95,0.68,0
C1657,62,Male,27841,1551,576,On-time,99,0.06,0
C1658,51,Female,6892,5736,464,On-time,85,0.83,0
C1659,20,Female,8439,6852,988,Late,49,0.81,1
C1660,54,Female,7854,1449,662,On-time,28,0.18,0
C1661,60,Female,16577,2659,726,On-time,56,0.16,0
C1662,57,Male,16763,7509,2560,Late,74,0.45,0
C1663,43,Male,25176,24277,4686,Late,76,0.96,1
C1664,40,Male,16618,2721,1203,On-time,27,0.16,0
C1665,61,Female,26714,26038,4229,On-time,59,0.97,1
C1666,56,Female,29255,12444,4416,On-time,39,0.43,0
C1667,32,Female,13235,9637,2341,Late,75,0.73,1
C1668,66,Female,24996,10490,4533,Late,14,0.42,0
C1669,21,Male,7618,2925,263,Late,51,0.38,0
C1670,46,Male,26062,9824,3287,Late,93,0.38,0
C1671,39,Female,8163,6673,108,On-time,14,0.82,0
C1672,42,Male,7942,2374,932,Late,59,0.3,0
C1673,30,Female,29795,23488,4988,On-time,94,0.79,0
C1674,35,Female,6925,4990,1577,On-time,67,0.72,0
C1675,50,Male,7972,6240,1779,On-time,88,0.78,0
C1676,33,Female,16705,215,57,Missed,93,0.01,1
C1677,62,Female,15640,7299,1486,Late,17,0.47,0
C1678,59,Male,15966,11523,1212,On-time,40,0.72,0
C1679,61,Female,22374,10364,3350,Late,21,0.46,0
C1680,19,Female,16138,3153,1347,Late,30,0.2,0
C1681,52,Male,23196,1706,488,On-time,71,0.07,0
C1682,59,Female,20935,10298,611,On-time,99,0.49,0
C1683,51,Male,18145,1567,167,Late,42,0.09,0
C1684,47,Female,5489,2208,954,On-time,35,0.4,0
C1685,30,Male,16748,10345,3604,On-time,99,0.62,0
C1686,30,Male,27260,1128,444,Late,49,0.04,0
C1687,35,Male,25029,19894,9176,Missed,74,0.79,1
C1688,49,Female,28465,7867,1151,On-time,68,0.28,0
C1689,49,Male,24275,18749,7145,Late,24,0.77,1
C1690,52,Male,8516,5583,1485,On-time,10,0.66,0
C1691,56,Male,24724,4897,124,On-time,20,0.2,0
C1692,63,Male,11410,5718,344,On-time,64,0.5,0
C1693,69,Male,5053,2921,70,On-time,11,0.58,0
C1694,46,Female,23959,4567,1088,Late,74,0.19,0
C1695,66,Female,21999,9271,1159,On-time,53,0.42,0
C1696,46,Female,10944,2741,1222,On-time,25,0.25,0
C1697,61,Female,12404,3020,421,On-time,31,0.24,0
C1698,33,Female,5954,228,93,Missed,27,0.04,1
C1699,61,Female,15625,8362,1224,On-time,56,0.54,0
C1700,64,Female,6629,294,62,On-time,90,0.04,0
C1701,27,Male,15973,4284,1142,On-time,39,0.27,0
C1702,47,Female,11859,8617,1333,Late,19,0.73,1
C1703,42,Male,13841,13264,2061,On-time,67,0.96,1
C1704,56,Male,15539,13390,895,On-time,71,0.86,0
C1705,37,Female,17682,918,58,On-time,94,0.05,0
C1706,22,Male,8278,498,170,Late,89,0.06,0
C1707,18,Male,26839,2809,420,On-time,15,0.1,0
C1708,47,Male,25185,4961,1492,On-time,76,0.2,0
C1709,66,Male,23945,9017,4246,On-time,50,0.38,0
C1710,20,Female,11539,3779,710,On-time,52,0.33,0
C1711,62,Female,21754,10050,292,Late,94,0.46,0
C1712,31,Female,5857,2118,802,On-time,86,0.36,0
C1713,47,Female,9886,6391,561,Missed,27,0.65,1
C1714,67,Female,17945,145,66,Missed,67,0.01,1
C1715,21,Female,12485,7942,2652,On-time,69,0.64,0
C1716,35,Female,18680,14917,7312,Late,97,0.8,1
C1717,54,Female,21767,4565,1591,Late,36,0.21,0
C1718,42,Female,19397,16576,2815,Late,77,0.85,1
C1719,65,Female,15744,5187,2164,On-time,31,0.33,0
C1720,18,Male,9334,6637,445,On-time,33,0.71,0
C1721,63,Female,25674,8243,661,On-time,49,0.32,0
C1722,32,Male,24109,2410,1085,Late,83,0.1,0
C1723,26,Male,17226,1820,286,On-time,75,0.11,0
C1724,32,Male,27588,19348,1907,On-time,49,0.7,0
C1725,66,Male,18440,2521,819,On-time,15,0.14,0
C1726,41,Female,20020,18952,1472,On-time,27,0.95,1
C1727,21,Male,27495,5882,456,On-time,90,0.21,0
C1728,29,Female,9251,1867,898,On-time,96,0.2,0
C1729,54,Female,17180,7465,1553,On-time,39,0.43,0
C1730,54,Male,21140,11461,2744,Missed,30,0.54,1
C1731,60,Female,5922,3199,271,On-time,71,0.54,0
C1732,23,Male,24299,6103,1229,Late,19,0.25,0
C1733,56,Male,12957,12197,4799,On-time,22,0.94,1
C1734,63,Female,24430,15424,6621,On-time,85,0.63,0
C1735,41,Female,20796,16053,1231,Late,18,0.77,1
C1736,28,Male,6230,240,81,Late,77,0.04,0
C1737,30,Female,15627,3440,1055,On-time,48,0.22,0
C1738,51,Female,29031,4631,1417,Missed,33,0.16,1
C1739,42,Female,15006,9599,3383,Missed,43,0.64,1
C1740,24,Male,9933,8274,3404,Missed,70,0.83,1
C1741,69,Male,19295,5077,278,On-time,50,0.26,0
C1742,21,Female,21377,3768,329,On-time,14,0.18,0
C1743,25,Female,25324,9142,1943,On-time,88,0.36,0
C1744,37,Female,27867,7995,1363,On-time,59,0.29,0
C1745,46,Female,5203,610,217,On-time,13,0.12,0
C1746,68,Female,21544,13276,1120,Late,60,0.62,0
C1747,62,Male,20899,19989,9216,On-time,61,0.96,1
C1748,63,Female,8748,2173,807,On-time,48,0.25,0
C1749,27,Male,11718,11676,3145,On-time,17,1.0,1
C1750,60,Female,23965,6568,370,Late,54,0.27,0
C1751,51,Male,6093,2601,323,On-time,97,0.43,0
C1752,43,Female,20228,19041,605,Late,37,0.94,1
C1753,58,Male,25884,6080,893,On-time,36,0.23,0
C1754,66,Female,21034,13854,5482,Late,74,0.66,0
C1755,20,Male,10710,7325,1436,Missed,43,0.68,1
C1756,23,Male,14732,2159,717,On-time,90,0.15,0
C1757,22,Male,24259,20214,6904,Missed,71,0.83,1
C1758,22,Male,8191,121,56,On-time,71,0.01,0
C1759,64,Male,23221,4368,2054,On-time,47,0.19,0
C1760,40,Male,5689,1317,519,On-time,35,0.23,0
C1761,66,Female,25143,20877,4891,On-time,33,0.83,0
C1762,26,Male,7103,2518,724,Late,48,0.35,0
C1763,52,Female,5365,5080,2213,On-time,30,0.95,1
C1764,37,Female,19010,1230,91,On-time,56,0.06,0
C1765,66,Female,16767,1301,428,On-time,57,0.08,0
C1766,59,Female,21103,15927,3843,On-time,22,0.75,0
C1767,52,Female,29476,1910,255,On-time,12,0.06,0
C1768,67,Male,17742,14904,2563,Late,41,0.84,1
C1769,35,Male,17391,8107,3853,On-time,44,0.47,0
C1770,34,Male,9172,7970,2377,On-time,28,0.87,0
C1771,41,Female,27417,18300,8859,On-time,23,0.67,0
C1772,20,Male,20623,2757,167,On-time,57,0.13,0
C1773,49,Male,7378,1956,286,On-time,95,0.27,0
C1774,52,Male,22589,6464,2406,Late,90,0.29,0
C1775,55,Male,26372,16562,8117,On-time,77,0.63,0
C1776,30,Male,17031,9088,1042,On-time,54,0.53,0
C1777,64,Female,10669,6362,1378,On-time,28,0.6,0
C1778,42,Male,7735,6932,1427,On-time,73,0.9,0
C1779,26,Female,14867,14260,4431,Late,75,0.96,1
C1780,21,Female,13490,9743,3224,On-time,88,0.72,0
C1781,31,Female,5956,491,112,On-time,75,0.08,0
C1782,54,Female,14306,60,50,Late,84,0.0,0
C1783,51,Female,11623,9269,1355,On-time,54,0.8,0
C1784,28,Male,19908,2895,1366,On-time,96,0.15,0
C1785,58,Male,22858,15323,4883,On-time,83,0.67,0
C1786,20,Male,9460,585,56,On-time,76,0.06,0
C1787,45,Female,28386,5823,2736,Late,78,0.21,0
C1788,46,Male,18986,11962,3033,On-time,12,0.63,0
C1789,26,Male,17638,534,141,Late,47,0.03,0
C1790,20,Female,27780,19846,6104,On-time,86,0.71,0
C1791,42,Female,24212,4011,1263,Late,51,0.17,0
C1792,51,Female,7850,6836,1944,On-time,92,0.87,0
C1793,29,Female,18299,2155,525,On-time,49,0.12,0
C1794,59,Male,15698,5966,1535,On-time,59,0.38,0
C1795,26,Female,24348,23713,10342,On-time,44,0.97,1
C1796,32,Female,9594,6957,2851,On-time,33,0.73,0
C1797,57,Male,19282,9196,3765,Late,97,0.48,0
C1798,42,Male,21285,10691,2051,Missed,26,0.5,1
C1799,22,Female,19334,13327,1437,On-time,49,0.69,0
C1800,28,Male,11644,8518,3233,On-time,83,0.73,0
C1801,51,Female,7850,4703,1080,Late,75,0.6,0
C1802,41,Female,19933,2706,717,On-time,53,0.14,0
C1803,32,Male,5165,1,50,Missed,32,0.0,1
C1804,55,Male,15701,9225,1270,On-time,15,0.59,0
C1805,25,Female,5919,2481,884,On-time,75,0.42,0
C1806,22,Female,13305,8316,3856,On-time,30,0.63,0
C1807,65,Female,24888,17488,6085,On-time,44,0.7,0
C1808,43,Male,22375,14820,1668,On-time,38,0.66,0
C1809,35,Female,20715,10891,1313,Missed,16,0.53,1
C1810,23,Female,27431,1861,429,Missed,62,0.07,1
C1811,54,Female,8839,5269,921,On-time,46,0.6,0
C1812,65,Female,22642,11112,884,On-time,32,0.49,0
C1813,30,Female,28993,15699,7688,On-time,17,0.54,0
C1814,45,Male,16618,8320,2872,Late,85,0.5,0
C1815,22,Female,18519,16821,1774,On-time,57,0.91,1
C1816,30,Female,26188,21230,6648,On-time,19,0.81,0
C1817,34,Female,15776,10740,2463,On-time,88,0.68,0
C1818,67,Female,5067,3129,1363,On-time,33,0.62,0
C1819,57,Male,14788,9413,4548,Missed,99,0.64,1
C1820,62,Male,10660,8081,2155,On-time,56,0.76,0
C1821,49,Male,9478,901,58,On-time,62,0.1,0
C1822,46,Female,13210,11360,5473,On-time,48,0.86,0
C1823,68,Female,15922,5398,1188,On-time,76,0.34,0
C1824,20,Male,8521,6678,259,On-time,75,0.78,0
C1825,57,Male,5572,5529,1114,On-time,15,0.99,1
C1826,51,Male,12082,6604,865,On-time,30,0.55,0
C1827,57,Female,29216,29062,2270,On-time,82,0.99,1
C1828,44,Female,10395,3918,283,On-time,83,0.38,0
C1829,30,Male,20407,17451,842,On-time,45,0.86,0
C1830,62,Male,23642,16410,6053,Late,12,0.69,0
C1831,50,Male,16094,6937,1663,On-time,97,0.43,0
C1832,23,Female,27423,23648,3160,On-time,95,0.86,0
C1833,41,Female,5650,547,168,On-time,87,0.1,0
C1834,36,Female,10741,8758,384,On-time,51,0.82,0
C1835,33,Male,18281,5338,1409,On-time,54,0.29,0
C1836,57,Male,11838,3140,1147,Missed,53,0.27,1
C1837,45,Female,23971,7996,1264,On-time,42,0.33,0
C1838,50,Male,29260,15489,4469,On-time,69,0.53,0
C1839,65,Female,8262,1590,196,Late,95,0.19,0
C1840,58,Male,22722,14201,5936,On-time,92,0.62,0
C1841,30,Male,9996,7776,333,Missed,92,0.78,1
C1842,60,Male,16826,4943,262,On-time,79,0.29,0
C1843,62,Male,27164,12886,1708,Late,92,0.47,0
C1844,42,Female,7827,805,255,Late,86,0.1,0
C1845,59,Male,19211,7798,978,Missed,35,0.41,1
C1846,53,Female,10232,3791,801,Missed,95,0.37,1
C1847,44,Female,7217,1357,443,Late,30,0.19,0
C1848,55,Female,24923,8092,2436,Late,11,0.32,0
C1849,24,Male,29229,3225,1095,On-time,56,0.11,0
C1850,22,Female,19232,11810,1844,On-time,39,0.61,0
C1851,60,Female,19026,14914,6038,On-time,36,0.78,0
C1852,62,Female,25767,2460,154,Missed,80,0.1,1
C1853,68,Male,24345,8737,3943,Late,29,0.36,0
C1854,48,Male,24610,13920,3895,Missed,59,0.57,1
C1855,40,Female,18878,10754,3740,Late,32,0.57,0
C1856,59,Male,11837,7481,2860,On-time,22,0.63,0
C1857,27,Female,12031,10271,3342,On-time,90,0.85,0
C1858,49,Female,19806,10833,428,On-time,13,0.55,0
C1859,60,Male,8716,3114,1295,On-time,23,0.36,0
C1860,47,Female,8414,616,307,On-time,29,0.07,0
C1861,56,Male,22832,15360,4858,Missed,22,0.67,1
C1862,48,Male,5570,3644,1440,Late,12,0.65,0
C1863,35,Female,24288,22797,7987,On-time,99,0.94,1
C1864,53,Male,18288,17587,274,On-time,99,0.96,1
C1865,19,Male,23889,9951,787,On-time,91,0.42,0
C1866,31,Female,5917,2565,285,On-time,87,0.43,0
C1867,30,Female,15066,3174,232,On-time,56,0.21,0
C1868,46,Male,11982,3081,761,On-time,12,0.26,0
C1869,29,Male,28811,2630,493,On-time,10,0.09,0
C1870,56,Female,11336,3161,672,On-time,99,0.28,0
C1871,19,Male,23062,4321,1309,Missed,33,0.19,1
C1872,49,Male,21999,13204,5296,On-time,44,0.6,0
C1873,30,Male,14941,6269,798,On-time,23,0.42,0
C1874,63,Male,28470,7099,2252,On-time,76,0.25,0
C1875,44,Male,17380,11360,559,On-time,22,0.65,0
C1876,66,Male,26133,10313,1873,On-time,56,0.39,0
C1877,58,Male,24889,13502,4930,Late,59,0.54,0
C1878,34,Female,16667,5801,2873,On-time,87,0.35,0
C1879,57,Female,9529,4151,1642,On-time,94,0.44,0
C1880,48,Female,22519,8911,4282,On-time,35,0.4,0
C1881,51,Female,17192,12861,2184,On-time,12,0.75,0
C1882,41,Female,13566,666,291,On-time,60,0.05,0
C1883,62,Male,12226,283,120,On-time,49,0.02,0
C1884,52,Male,10162,5840,2534,Late,77,0.57,0
C1885,65,Male,21590,3565,1383,Late,45,0.17,0
C1886,23,Male,26259,10426,3717,Late,60,0.4,0
C1887,36,Female,6319,4593,1827,On-time,10,0.73,0
C1888,47,Male,6141,1465,330,On-time,42,0.24,0
C1889,24,Male,9627,8321,751,Missed,16,0.86,1
C1890,27,Female,28773,21118,8168,On-time,61,0.73,0
C1891,58,Male,19501,7366,3039,On-time,20,0.38,0
C1892,49,Male,7690,2060,201,On-time,36,0.27,0
C1893,51,Female,12323,3672,1375,On-time,23,0.3,0
C1894,45,Male,8255,7382,1351,On-time,95,0.89,0
C1895,32,Male,29665,22971,9953,On-time,89,0.77,0
C1896,47,Male,10213,992,57,On-time,55,0.1,0
C1897,54,Male,9108,6858,856,Missed,85,0.75,1
C1898,46,Male,24404,2121,284,On-time,19,0.09,0
C1899,39,Female,23241,12388,2772,On-time,33,0.53,0
C1900,21,Female,24173,18607,4706,On-time,70,0.77,0
C1901,37,Female,25259,20906,1375,On-time,27,0.83,0
C1902,49,Female,28989,19572,4183,On-time,95,0.68,0
C1903,53,Female,14802,3237,1209,Late,18,0.22,0
C1904,67,Female,29519,4136,871,On-time,26,0.14,0
C1905,21,Male,27439,16727,1292,Late,67,0.61,0
C1906,44,Female,25266,12653,397,On-time,22,0.5,0
C1907,34,Female,16413,15479,1881,On-time,59,0.94,1
C1908,29,Male,19995,4823,1619,Late,15,0.24,0
C1909,39,Male,28559,26852,12177,On-time,94,0.94,1
C1910,34,Female,17583,4920,1968,On-time,60,0.28,0
C1911,27,Male,28513,19585,6466,On-time,45,0.69,0
C1912,18,Female,10021,5471,1951,On-time,80,0.55,0
C1913,39,Male,26119,17272,2405,On-time,34,0.66,0
C1914,43,Female,23771,9533,1447,On-time,20,0.4,0
C1915,35,Male,11582,7127,3073,On-time,53,0.62,0
C1916,67,Male,18455,3720,782,On-time,23,0.2,0
C1917,31,Female,18117,15696,7226,Late,38,0.87,1
C1918,64,Female,27250,20596,1874,Late,83,0.76,1
C1919,46,Female,23950,23345,10733,Late,59,0.97,1
C1920,29,Female,22359,18799,7330,On-time,14,0.84,0
C1921,53,Female,28596,25693,4110,Missed,81,0.9,1
C1922,52,Male,6262,4263,1278,On-time,78,0.68,0
C1923,69,Female,26431,19385,454,Late,97,0.73,1
C1924,29,Female,12382,1738,747,On-time,66,0.14,0
C1925,24,Male,27615,1364,246,On-time,35,0.05,0
C1926,46,Male,8327,2708,827,Late,15,0.33,0
C1927,28,Female,27014,12982,3895,On-time,25,0.48,0
C1928,50,Male,23643,17308,4260,On-time,69,0.73,0
C1929,23,Male,15020,151,74,Late,21,0.01,0
C1930,64,Female,22641,17296,114,Late,84,0.76,1
C1931,32,Male,21848,2321,874,Missed,12,0.11,1
C1932,49,Male,19062,13865,6432,On-time,72,0.73,0
C1933,68,Female,24678,495,95,On-time,73,0.02,0
C1934,28,Female,11774,2148,441,On-time,71,0.18,0
C1935,40,Male,20160,556,59,On-time,15,0.03,0
C1936,43,Male,28815,13393,1018,On-time,28,0.46,0
C1937,51,Female,6230,1552,418,On-time,27,0.25,0
C1938,63,Male,14076,2120,282,On-time,89,0.15,0
C1939,51,Male,8805,3085,244,On-time,96,0.35,0
C1940,46,Male,27803,19888,5052,Late,52,0.72,1
C1941,21,Female,19715,156,61,Missed,82,0.01,1
C1942,34,Male,10750,8926,970,Late,12,0.83,1
C1943,52,Male,20627,7162,738,Late,81,0.35,0
C1944,30,Female,18232,8055,226,On-time,47,0.44,0
C1945,58,Male,25240,4654,2314,Missed,77,0.18,1
C1946,56,Male,8135,6250,1084,On-time,85,0.77,0
C1947,32,Female,11953,11468,1519,Late,53,0.96,1
C1948,46,Female,27418,23630,4775,Missed,98,0.86,1
C1949,46,Female,25973,154,53,Missed,89,0.01,1
C1950,28,Female,6546,996,88,On-time,72,0.15,0
C1951,69,Male,20457,4626,2150,On-time,51,0.23,0
C1952,49,Male,27449,19289,873,On-time,73,0.7,0
C1953,19,Female,22478,14259,3481,On-time,63,0.63,0
C1954,64,Female,7411,6681,2482,On-time,87,0.9,0
C1955,31,Male,24001,13016,4201,On-time,86,0.54,0
C1956,37,Female,19113,9369,4263,On-time,80,0.49,0
C1957,39,Male,9145,153,53,On-time,85,0.02,0
C1958,28,Female,7775,4187,1326,Late,46,0.54,0
C1959,44,Male,18193,15792,847,On-time,13,0.87,0
C1960,20,Female,17851,5599,829,On-time,11,0.31,0
C1961,34,Female,18070,14785,7209,Late,53,0.82,1
C1962,61,Male,28012,11049,2900,On-time,76,0.39,0
C1963,45,Female,24539,786,382,Missed,77,0.03,1
C1964,46,Male,8970,4368,1488,On-time,85,0.49,0
C1965,38,Male,29356,24480,10135,On-time,92,0.83,0
C1966,64,Male,19119,14923,3356,On-time,83,0.78,0
C1967,33,Male,26799,4272,757,On-time,71,0.16,0
C1968,54,Male,9331,3767,1153,On-time,10,0.4,0
C1969,37,Female,15295,11070,3768,On-time,26,0.72,0
C1970,23,Female,6942,642,71,On-time,25,0.09,0
C1971,36,Male,27410,5994,1550,On-time,18,0.22,0
C1972,22,Female,29685,23600,9084,On-time,62,0.8,0
C1973,20,Male,21575,19810,3691,On-time,82,0.92,1
C1974,18,Female,18404,7011,1166,On-time,68,0.38,0
C1975,55,Female,5861,3701,241,On-time,18,0.63,0
C1976,32,Female,28095,14086,5164,On-time,21,0.5,0
C1977,51,Female,14275,9261,445,On-time,50,0.65,0
C1978,52,Male,22033,18733,7224,On-time,24,0.85,0
C1979,66,Male,9134,7011,2737,Late,75,0.77,1
C1980,42,Female,16803,1212,280,On-time,84,0.07,0
C1981,41,Female,20408,14141,923,Late,20,0.69,0
C1982,29,Male,28971,9344,2671,Late,17,0.32,0
C1983,35,Female,22420,6704,289,On-time,64,0.3,0
C1984,32,Male,21351,15896,139,On-time,15,0.74,0
C1985,61,Male,9131,7433,2329,Missed,62,0.81,1
C1986,33,Male,23532,18895,8698,Late,29,0.8,1
C1987,44,Female,17057,143,58,On-time,48,0.01,0
C1988,25,Male,16349,10681,4499,Late,81,0.65,0
C1989,63,Female,16486,7367,1054,Late,43,0.45,0
C1990,42,Male,10457,3228,1406,On-time,66,0.31,0
C1991,34,Female,11079,4582,488,Late,28,0.41,0
C1992,46,Female,17453,13147,5544,On-time,80,0.75,0
C1993,25,Female,23814,11397,394,On-time,40,0.48,0
C1994,32,Male,23263,6031,2761,Missed,91,0.26,1
C1995,44,Male,17158,4243,706,Late,49,0.25,0
C1996,63,Female,20735,13647,6323,On-time,23,0.66,0
C1997,67,Female,20830,11496,2512,On-time,90,0.55,0
C1998,69,Female,20125,9549,1166,On-time,46,0.47,0
C1999,24,Male,16905,15146,675,Late,53,0.9,1
C2000,20,Male,28926,19097,4044,On-time,18,0.66,0
